¡Þ,¡Þ,¡Þ,¡Þ,¡Þ,¡Þ,¡Þ,¡Þ,¡Þ,¡Þ,¡Þ,¡Þ,¡Þ,¡Þ,¡Þ,¡Þ,¡Þ,¡Þ,¡Þ,¡Þ,¡Þ,¡Þ,¡Þ,¡Þ,¡Þ,1471,¡Þ,¡Þ,¡Þ,¡Þ,¡Þ,¡Þ,¡Þ,¡Þ,¡Þ,¡Þ,¡Þ,¡Þ,¡Þ,¡Þ,¡Þ,¡Þ,¡Þ,¡Þ,¡Þ,¡Þ,¡Þ,¡Þ,¡Þ,¡Þ,¡Þ,¡Þ,¡Þ,¡Þ,¡Þ,¡Þ,¡Þ,¡Þ,¡Þ,¡Þ,¡Þ,¡Þ,¡Þ,¡Þ,¡Þ,¡Þ,¡Þ,¡Þ,¡Þ,¡Þ,1703,¡Þ,¡Þ,¡Þ,¡Þ,¡Þ,¡Þ,¡Þ,¡Þ,¡Þ,¡Þ,¡Þ,¡Þ,¡Þ,¡Þ,¡Þ,¡Þ,¡Þ,¡Þ,¡Þ,¡Þ,¡Þ,¡Þ,¡Þ,¡Þ,¡Þ,¡Þ,¡Þ,¡Þ,¡Þ,¡Þ,¡Þ,¡Þ,¡Þ,¡Þ,¡Þ,¡Þ,¡Þ,¡Þ,¡Þ,¡Þ,¡Þ,¡Þ,¡Þ,¡Þ,¡Þ,¡Þ,¡Þ,¡Þ,¡Þ,¡Þ,¡Þ,¡Þ,¡Þ,¡Þ,¡Þ,¡Þ,¡Þ,¡Þ,¡Þ,¡Þ,¡Þ,¡Þ,¡Þ,¡Þ,¡Þ,¡Þ,¡Þ,¡Þ,¡Þ,¡Þ,¡Þ,¡Þ,¡Þ,¡Þ,¡Þ,¡Þ,¡Þ,¡Þ,¡Þ,¡Þ,¡Þ,¡Þ,¡Þ,¡Þ,¡Þ,¡Þ,¡Þ,¡Þ,¡Þ,¡Þ,¡Þ,¡Þ,¡Þ,¡Þ,¡Þ,¡Þ,
¡Þ,¡Þ,¡Þ,¡Þ,¡Þ,¡Þ,¡Þ,¡Þ,¡Þ,¡Þ,¡Þ,¡Þ,¡Þ,¡Þ,¡Þ,¡Þ,¡Þ,¡Þ,¡Þ,¡Þ,¡Þ,¡Þ,¡Þ,¡Þ,¡Þ,¡Þ,¡Þ,¡Þ,¡Þ,¡Þ,¡Þ,¡Þ,¡Þ,¡Þ,¡Þ,¡Þ,¡Þ,¡Þ,¡Þ,¡Þ,¡Þ,¡Þ,¡Þ,¡Þ,¡Þ,¡Þ,¡Þ,¡Þ,¡Þ,¡Þ,¡Þ,¡Þ,¡Þ,¡Þ,¡Þ,¡Þ,¡Þ,¡Þ,¡Þ,¡Þ,¡Þ,¡Þ,¡Þ,¡Þ,¡Þ,¡Þ,¡Þ,¡Þ,¡Þ,¡Þ,¡Þ,¡Þ,¡Þ,¡Þ,¡Þ,¡Þ,¡Þ,¡Þ,¡Þ,¡Þ,¡Þ,¡Þ,¡Þ,¡Þ,¡Þ,¡Þ,¡Þ,¡Þ,¡Þ,¡Þ,¡Þ,¡Þ,¡Þ,¡Þ,¡Þ,¡Þ,¡Þ,¡Þ,1909,¡Þ,¡Þ,¡Þ,¡Þ,870,¡Þ,¡Þ,¡Þ,¡Þ,¡Þ,¡Þ,¡Þ,¡Þ,¡Þ,¡Þ,¡Þ,¡Þ,768,¡Þ,1633,¡Þ,¡Þ,¡Þ,¡Þ,¡Þ,¡Þ,¡Þ,¡Þ,¡Þ,¡Þ,¡Þ,¡Þ,¡Þ,¡Þ,¡Þ,¡Þ,¡Þ,¡Þ,¡Þ,¡Þ,¡Þ,¡Þ,¡Þ,¡Þ,¡Þ,¡Þ,¡Þ,¡Þ,¡Þ,¡Þ,¡Þ,¡Þ,¡Þ,¡Þ,¡Þ,¡Þ,¡Þ,¡Þ,¡Þ,¡Þ,¡Þ,¡Þ,¡Þ,¡Þ,¡Þ,¡Þ,¡Þ,¡Þ,
¡Þ,¡Þ,¡Þ,¡Þ,¡Þ,¡Þ,¡Þ,¡Þ,¡Þ,¡Þ,¡Þ,¡Þ,¡Þ,¡Þ,¡Þ,¡Þ,¡Þ,¡Þ,¡Þ,¡Þ,¡Þ,¡Þ,¡Þ,¡Þ,¡Þ,¡Þ,¡Þ,¡Þ,¡Þ,¡Þ,¡Þ,¡Þ,¡Þ,¡Þ,¡Þ,¡Þ,¡Þ,¡Þ,¡Þ,¡Þ,¡Þ,¡Þ,¡Þ,¡Þ,¡Þ,¡Þ,1001,¡Þ,¡Þ,¡Þ,¡Þ,¡Þ,¡Þ,¡Þ,¡Þ,¡Þ,¡Þ,¡Þ,¡Þ,¡Þ,¡Þ,¡Þ,¡Þ,¡Þ,¡Þ,1138,¡Þ,¡Þ,¡Þ,¡Þ,¡Þ,¡Þ,¡Þ,¡Þ,¡Þ,¡Þ,¡Þ,¡Þ,¡Þ,¡Þ,¡Þ,¡Þ,¡Þ,¡Þ,¡Þ,¡Þ,¡Þ,¡Þ,¡Þ,¡Þ,¡Þ,¡Þ,¡Þ,¡Þ,¡Þ,¡Þ,¡Þ,¡Þ,¡Þ,¡Þ,¡Þ,¡Þ,¡Þ,¡Þ,¡Þ,¡Þ,¡Þ,¡Þ,¡Þ,¡Þ,¡Þ,¡Þ,¡Þ,¡Þ,¡Þ,¡Þ,¡Þ,¡Þ,¡Þ,¡Þ,¡Þ,¡Þ,¡Þ,¡Þ,¡Þ,¡Þ,¡Þ,¡Þ,¡Þ,¡Þ,¡Þ,¡Þ,¡Þ,¡Þ,¡Þ,¡Þ,¡Þ,¡Þ,¡Þ,¡Þ,¡Þ,¡Þ,¡Þ,¡Þ,¡Þ,¡Þ,¡Þ,¡Þ,¡Þ,¡Þ,¡Þ,¡Þ,¡Þ,¡Þ,¡Þ,¡Þ,¡Þ,¡Þ,¡Þ,¡Þ,¡Þ,¡Þ,¡Þ,¡Þ,¡Þ,¡Þ,¡Þ,
¡Þ,¡Þ,¡Þ,¡Þ,¡Þ,¡Þ,¡Þ,¡Þ,¡Þ,¡Þ,¡Þ,¡Þ,¡Þ,¡Þ,¡Þ,¡Þ,¡Þ,¡Þ,¡Þ,¡Þ,¡Þ,¡Þ,¡Þ,¡Þ,¡Þ,¡Þ,¡Þ,¡Þ,¡Þ,¡Þ,¡Þ,¡Þ,¡Þ,¡Þ,¡Þ,¡Þ,¡Þ,¡Þ,¡Þ,¡Þ,¡Þ,¡Þ,¡Þ,¡Þ,¡Þ,¡Þ,¡Þ,¡Þ,¡Þ,¡Þ,¡Þ,¡Þ,¡Þ,¡Þ,¡Þ,¡Þ,¡Þ,¡Þ,¡Þ,¡Þ,¡Þ,¡Þ,¡Þ,¡Þ,¡Þ,¡Þ,¡Þ,¡Þ,¡Þ,¡Þ,¡Þ,¡Þ,¡Þ,¡Þ,¡Þ,¡Þ,¡Þ,¡Þ,¡Þ,¡Þ,¡Þ,¡Þ,¡Þ,¡Þ,¡Þ,¡Þ,¡Þ,¡Þ,¡Þ,¡Þ,¡Þ,¡Þ,988,¡Þ,¡Þ,¡Þ,¡Þ,¡Þ,¡Þ,¡Þ,¡Þ,¡Þ,¡Þ,¡Þ,¡Þ,¡Þ,¡Þ,¡Þ,¡Þ,¡Þ,¡Þ,¡Þ,¡Þ,¡Þ,¡Þ,¡Þ,¡Þ,¡Þ,¡Þ,1626,¡Þ,¡Þ,¡Þ,¡Þ,¡Þ,¡Þ,¡Þ,¡Þ,¡Þ,¡Þ,¡Þ,¡Þ,¡Þ,¡Þ,¡Þ,¡Þ,¡Þ,¡Þ,¡Þ,¡Þ,¡Þ,¡Þ,¡Þ,¡Þ,¡Þ,¡Þ,¡Þ,¡Þ,¡Þ,¡Þ,¡Þ,¡Þ,¡Þ,¡Þ,¡Þ,¡Þ,¡Þ,¡Þ,¡Þ,¡Þ,¡Þ,¡Þ,¡Þ,¡Þ,¡Þ,¡Þ,¡Þ,
¡Þ,¡Þ,¡Þ,¡Þ,¡Þ,¡Þ,¡Þ,¡Þ,¡Þ,¡Þ,¡Þ,¡Þ,¡Þ,¡Þ,¡Þ,¡Þ,¡Þ,¡Þ,¡Þ,¡Þ,¡Þ,¡Þ,¡Þ,¡Þ,¡Þ,¡Þ,¡Þ,¡Þ,¡Þ,¡Þ,¡Þ,¡Þ,¡Þ,¡Þ,¡Þ,¡Þ,¡Þ,1343,¡Þ,¡Þ,¡Þ,¡Þ,¡Þ,¡Þ,¡Þ,¡Þ,¡Þ,¡Þ,¡Þ,¡Þ,¡Þ,¡Þ,¡Þ,¡Þ,¡Þ,¡Þ,¡Þ,¡Þ,¡Þ,¡Þ,¡Þ,¡Þ,¡Þ,¡Þ,¡Þ,¡Þ,¡Þ,¡Þ,¡Þ,¡Þ,¡Þ,¡Þ,¡Þ,¡Þ,¡Þ,¡Þ,¡Þ,¡Þ,¡Þ,¡Þ,¡Þ,¡Þ,¡Þ,¡Þ,¡Þ,¡Þ,¡Þ,¡Þ,¡Þ,¡Þ,¡Þ,¡Þ,¡Þ,¡Þ,¡Þ,¡Þ,¡Þ,¡Þ,¡Þ,¡Þ,¡Þ,¡Þ,¡Þ,¡Þ,¡Þ,¡Þ,¡Þ,¡Þ,¡Þ,¡Þ,¡Þ,¡Þ,¡Þ,¡Þ,¡Þ,¡Þ,¡Þ,¡Þ,¡Þ,¡Þ,¡Þ,¡Þ,¡Þ,815,¡Þ,¡Þ,¡Þ,¡Þ,¡Þ,¡Þ,¡Þ,¡Þ,¡Þ,¡Þ,¡Þ,¡Þ,¡Þ,¡Þ,¡Þ,¡Þ,¡Þ,¡Þ,¡Þ,¡Þ,¡Þ,¡Þ,¡Þ,¡Þ,¡Þ,¡Þ,¡Þ,¡Þ,¡Þ,¡Þ,¡Þ,¡Þ,¡Þ,¡Þ,¡Þ,¡Þ,¡Þ,¡Þ,¡Þ,¡Þ,¡Þ,¡Þ,¡Þ,
¡Þ,¡Þ,¡Þ,¡Þ,¡Þ,¡Þ,¡Þ,¡Þ,¡Þ,¡Þ,¡Þ,¡Þ,¡Þ,1151,1949,¡Þ,¡Þ,¡Þ,¡Þ,¡Þ,¡Þ,¡Þ,¡Þ,¡Þ,¡Þ,¡Þ,¡Þ,¡Þ,¡Þ,¡Þ,¡Þ,¡Þ,¡Þ,¡Þ,¡Þ,¡Þ,¡Þ,¡Þ,¡Þ,¡Þ,¡Þ,¡Þ,¡Þ,¡Þ,¡Þ,¡Þ,¡Þ,¡Þ,¡Þ,¡Þ,¡Þ,¡Þ,¡Þ,¡Þ,¡Þ,¡Þ,¡Þ,¡Þ,¡Þ,¡Þ,¡Þ,¡Þ,¡Þ,¡Þ,¡Þ,¡Þ,¡Þ,¡Þ,¡Þ,¡Þ,¡Þ,¡Þ,¡Þ,¡Þ,¡Þ,¡Þ,¡Þ,¡Þ,¡Þ,¡Þ,¡Þ,¡Þ,¡Þ,¡Þ,¡Þ,¡Þ,¡Þ,¡Þ,¡Þ,¡Þ,¡Þ,¡Þ,¡Þ,¡Þ,¡Þ,¡Þ,¡Þ,¡Þ,¡Þ,¡Þ,¡Þ,¡Þ,¡Þ,¡Þ,¡Þ,¡Þ,¡Þ,¡Þ,¡Þ,¡Þ,¡Þ,¡Þ,¡Þ,¡Þ,¡Þ,¡Þ,¡Þ,¡Þ,¡Þ,¡Þ,¡Þ,¡Þ,¡Þ,¡Þ,¡Þ,¡Þ,¡Þ,¡Þ,¡Þ,¡Þ,¡Þ,¡Þ,¡Þ,¡Þ,¡Þ,¡Þ,¡Þ,¡Þ,¡Þ,¡Þ,¡Þ,¡Þ,¡Þ,¡Þ,¡Þ,¡Þ,¡Þ,¡Þ,¡Þ,¡Þ,¡Þ,¡Þ,¡Þ,¡Þ,¡Þ,¡Þ,¡Þ,¡Þ,¡Þ,¡Þ,¡Þ,¡Þ,¡Þ,¡Þ,¡Þ,¡Þ,¡Þ,
¡Þ,¡Þ,¡Þ,¡Þ,¡Þ,¡Þ,¡Þ,¡Þ,¡Þ,¡Þ,¡Þ,¡Þ,¡Þ,¡Þ,¡Þ,¡Þ,¡Þ,¡Þ,¡Þ,¡Þ,¡Þ,¡Þ,¡Þ,¡Þ,¡Þ,¡Þ,¡Þ,¡Þ,¡Þ,¡Þ,¡Þ,¡Þ,¡Þ,¡Þ,¡Þ,¡Þ,¡Þ,¡Þ,¡Þ,¡Þ,¡Þ,¡Þ,¡Þ,¡Þ,¡Þ,¡Þ,¡Þ,¡Þ,¡Þ,¡Þ,¡Þ,¡Þ,¡Þ,¡Þ,¡Þ,¡Þ,¡Þ,¡Þ,¡Þ,¡Þ,¡Þ,¡Þ,¡Þ,¡Þ,¡Þ,¡Þ,¡Þ,¡Þ,¡Þ,¡Þ,¡Þ,¡Þ,¡Þ,¡Þ,¡Þ,¡Þ,¡Þ,¡Þ,¡Þ,¡Þ,¡Þ,¡Þ,¡Þ,¡Þ,¡Þ,¡Þ,¡Þ,¡Þ,¡Þ,¡Þ,¡Þ,¡Þ,¡Þ,¡Þ,¡Þ,¡Þ,¡Þ,¡Þ,¡Þ,¡Þ,¡Þ,¡Þ,¡Þ,¡Þ,¡Þ,¡Þ,¡Þ,¡Þ,¡Þ,¡Þ,¡Þ,¡Þ,¡Þ,¡Þ,¡Þ,¡Þ,¡Þ,¡Þ,¡Þ,¡Þ,¡Þ,¡Þ,¡Þ,¡Þ,¡Þ,¡Þ,¡Þ,¡Þ,¡Þ,¡Þ,¡Þ,¡Þ,¡Þ,¡Þ,¡Þ,¡Þ,¡Þ,¡Þ,¡Þ,¡Þ,1038,¡Þ,¡Þ,¡Þ,¡Þ,¡Þ,¡Þ,¡Þ,¡Þ,¡Þ,¡Þ,¡Þ,¡Þ,¡Þ,¡Þ,¡Þ,954,¡Þ,¡Þ,¡Þ,¡Þ,¡Þ,¡Þ,¡Þ,¡Þ,¡Þ,¡Þ,
¡Þ,¡Þ,¡Þ,¡Þ,¡Þ,¡Þ,¡Þ,¡Þ,¡Þ,¡Þ,¡Þ,3359,¡Þ,¡Þ,¡Þ,¡Þ,¡Þ,¡Þ,¡Þ,¡Þ,¡Þ,¡Þ,¡Þ,¡Þ,¡Þ,¡Þ,¡Þ,¡Þ,¡Þ,¡Þ,¡Þ,¡Þ,¡Þ,¡Þ,¡Þ,¡Þ,¡Þ,¡Þ,¡Þ,¡Þ,¡Þ,¡Þ,¡Þ,¡Þ,¡Þ,¡Þ,¡Þ,¡Þ,¡Þ,¡Þ,¡Þ,¡Þ,¡Þ,¡Þ,¡Þ,¡Þ,¡Þ,¡Þ,¡Þ,¡Þ,¡Þ,¡Þ,¡Þ,¡Þ,¡Þ,¡Þ,¡Þ,¡Þ,¡Þ,¡Þ,¡Þ,¡Þ,¡Þ,¡Þ,¡Þ,¡Þ,¡Þ,¡Þ,¡Þ,¡Þ,¡Þ,¡Þ,¡Þ,¡Þ,¡Þ,¡Þ,¡Þ,¡Þ,¡Þ,¡Þ,¡Þ,¡Þ,¡Þ,¡Þ,¡Þ,¡Þ,¡Þ,¡Þ,¡Þ,¡Þ,2829,¡Þ,¡Þ,¡Þ,¡Þ,¡Þ,¡Þ,¡Þ,¡Þ,¡Þ,¡Þ,¡Þ,¡Þ,¡Þ,¡Þ,¡Þ,¡Þ,¡Þ,¡Þ,¡Þ,¡Þ,¡Þ,¡Þ,¡Þ,¡Þ,¡Þ,¡Þ,¡Þ,¡Þ,¡Þ,¡Þ,¡Þ,¡Þ,¡Þ,¡Þ,¡Þ,¡Þ,¡Þ,¡Þ,¡Þ,¡Þ,¡Þ,¡Þ,¡Þ,¡Þ,¡Þ,¡Þ,¡Þ,¡Þ,¡Þ,¡Þ,¡Þ,¡Þ,¡Þ,¡Þ,¡Þ,¡Þ,¡Þ,¡Þ,¡Þ,¡Þ,¡Þ,¡Þ,¡Þ,¡Þ,¡Þ,¡Þ,
¡Þ,¡Þ,¡Þ,¡Þ,¡Þ,¡Þ,¡Þ,¡Þ,¡Þ,612,870,¡Þ,¡Þ,¡Þ,¡Þ,¡Þ,¡Þ,¡Þ,¡Þ,¡Þ,¡Þ,¡Þ,¡Þ,¡Þ,¡Þ,¡Þ,¡Þ,¡Þ,¡Þ,848,¡Þ,¡Þ,¡Þ,¡Þ,¡Þ,¡Þ,¡Þ,¡Þ,¡Þ,¡Þ,¡Þ,¡Þ,¡Þ,¡Þ,¡Þ,¡Þ,¡Þ,¡Þ,¡Þ,¡Þ,¡Þ,¡Þ,¡Þ,¡Þ,¡Þ,¡Þ,¡Þ,¡Þ,¡Þ,¡Þ,¡Þ,¡Þ,¡Þ,¡Þ,¡Þ,¡Þ,¡Þ,¡Þ,¡Þ,¡Þ,¡Þ,¡Þ,¡Þ,¡Þ,¡Þ,¡Þ,¡Þ,¡Þ,¡Þ,¡Þ,¡Þ,¡Þ,¡Þ,¡Þ,¡Þ,¡Þ,¡Þ,¡Þ,¡Þ,¡Þ,¡Þ,¡Þ,¡Þ,¡Þ,¡Þ,¡Þ,¡Þ,¡Þ,¡Þ,¡Þ,¡Þ,¡Þ,¡Þ,¡Þ,¡Þ,¡Þ,¡Þ,¡Þ,¡Þ,¡Þ,¡Þ,¡Þ,¡Þ,¡Þ,¡Þ,¡Þ,¡Þ,¡Þ,¡Þ,¡Þ,¡Þ,¡Þ,¡Þ,¡Þ,¡Þ,¡Þ,¡Þ,¡Þ,¡Þ,¡Þ,¡Þ,¡Þ,¡Þ,¡Þ,¡Þ,¡Þ,¡Þ,¡Þ,¡Þ,¡Þ,¡Þ,¡Þ,¡Þ,¡Þ,¡Þ,¡Þ,¡Þ,¡Þ,¡Þ,¡Þ,¡Þ,¡Þ,1059,¡Þ,¡Þ,¡Þ,¡Þ,¡Þ,¡Þ,¡Þ,¡Þ,¡Þ,¡Þ,¡Þ,¡Þ,¡Þ,¡Þ,
¡Þ,¡Þ,¡Þ,¡Þ,¡Þ,¡Þ,¡Þ,¡Þ,612,¡Þ,¡Þ,¡Þ,¡Þ,¡Þ,¡Þ,¡Þ,¡Þ,¡Þ,¡Þ,¡Þ,¡Þ,¡Þ,¡Þ,¡Þ,¡Þ,¡Þ,¡Þ,¡Þ,¡Þ,¡Þ,¡Þ,¡Þ,¡Þ,¡Þ,¡Þ,¡Þ,¡Þ,¡Þ,¡Þ,¡Þ,¡Þ,¡Þ,¡Þ,¡Þ,¡Þ,¡Þ,¡Þ,¡Þ,¡Þ,¡Þ,¡Þ,¡Þ,¡Þ,¡Þ,¡Þ,¡Þ,¡Þ,¡Þ,¡Þ,¡Þ,¡Þ,¡Þ,¡Þ,¡Þ,¡Þ,¡Þ,¡Þ,¡Þ,¡Þ,¡Þ,¡Þ,¡Þ,¡Þ,¡Þ,¡Þ,¡Þ,¡Þ,¡Þ,¡Þ,855,¡Þ,¡Þ,¡Þ,¡Þ,¡Þ,¡Þ,¡Þ,¡Þ,¡Þ,¡Þ,¡Þ,¡Þ,¡Þ,¡Þ,¡Þ,¡Þ,¡Þ,¡Þ,¡Þ,¡Þ,¡Þ,¡Þ,¡Þ,¡Þ,¡Þ,¡Þ,¡Þ,¡Þ,¡Þ,¡Þ,¡Þ,¡Þ,¡Þ,¡Þ,¡Þ,¡Þ,¡Þ,¡Þ,¡Þ,¡Þ,¡Þ,¡Þ,¡Þ,¡Þ,¡Þ,¡Þ,¡Þ,¡Þ,¡Þ,¡Þ,¡Þ,¡Þ,¡Þ,¡Þ,¡Þ,¡Þ,¡Þ,¡Þ,¡Þ,¡Þ,¡Þ,¡Þ,¡Þ,¡Þ,¡Þ,¡Þ,¡Þ,¡Þ,¡Þ,¡Þ,¡Þ,¡Þ,¡Þ,¡Þ,¡Þ,¡Þ,¡Þ,¡Þ,¡Þ,¡Þ,¡Þ,¡Þ,¡Þ,¡Þ,¡Þ,¡Þ,¡Þ,
¡Þ,¡Þ,¡Þ,¡Þ,¡Þ,¡Þ,¡Þ,¡Þ,870,¡Þ,¡Þ,¡Þ,¡Þ,¡Þ,¡Þ,¡Þ,¡Þ,¡Þ,¡Þ,¡Þ,¡Þ,¡Þ,¡Þ,¡Þ,¡Þ,¡Þ,¡Þ,¡Þ,¡Þ,¡Þ,¡Þ,¡Þ,¡Þ,¡Þ,¡Þ,¡Þ,¡Þ,¡Þ,¡Þ,¡Þ,¡Þ,¡Þ,¡Þ,¡Þ,¡Þ,¡Þ,¡Þ,¡Þ,¡Þ,¡Þ,¡Þ,¡Þ,¡Þ,¡Þ,¡Þ,¡Þ,¡Þ,¡Þ,¡Þ,¡Þ,¡Þ,¡Þ,¡Þ,¡Þ,¡Þ,¡Þ,¡Þ,¡Þ,¡Þ,¡Þ,¡Þ,¡Þ,¡Þ,¡Þ,¡Þ,¡Þ,¡Þ,¡Þ,¡Þ,¡Þ,¡Þ,¡Þ,¡Þ,¡Þ,¡Þ,¡Þ,¡Þ,¡Þ,¡Þ,¡Þ,¡Þ,¡Þ,¡Þ,¡Þ,¡Þ,¡Þ,¡Þ,¡Þ,¡Þ,1458,¡Þ,¡Þ,¡Þ,¡Þ,¡Þ,¡Þ,¡Þ,¡Þ,¡Þ,¡Þ,¡Þ,¡Þ,¡Þ,¡Þ,¡Þ,¡Þ,¡Þ,¡Þ,¡Þ,¡Þ,¡Þ,¡Þ,¡Þ,¡Þ,¡Þ,¡Þ,¡Þ,¡Þ,¡Þ,¡Þ,¡Þ,¡Þ,¡Þ,¡Þ,¡Þ,¡Þ,¡Þ,¡Þ,¡Þ,¡Þ,¡Þ,¡Þ,¡Þ,¡Þ,¡Þ,¡Þ,¡Þ,¡Þ,¡Þ,¡Þ,¡Þ,¡Þ,¡Þ,¡Þ,¡Þ,¡Þ,¡Þ,¡Þ,¡Þ,¡Þ,¡Þ,¡Þ,¡Þ,¡Þ,¡Þ,¡Þ,¡Þ,
¡Þ,¡Þ,¡Þ,¡Þ,¡Þ,¡Þ,¡Þ,3359,¡Þ,¡Þ,¡Þ,¡Þ,¡Þ,¡Þ,¡Þ,¡Þ,¡Þ,¡Þ,¡Þ,¡Þ,¡Þ,¡Þ,¡Þ,¡Þ,¡Þ,¡Þ,¡Þ,¡Þ,¡Þ,¡Þ,¡Þ,¡Þ,¡Þ,¡Þ,¡Þ,¡Þ,¡Þ,¡Þ,¡Þ,¡Þ,¡Þ,¡Þ,¡Þ,¡Þ,¡Þ,¡Þ,¡Þ,¡Þ,¡Þ,¡Þ,¡Þ,¡Þ,¡Þ,¡Þ,¡Þ,¡Þ,¡Þ,¡Þ,¡Þ,¡Þ,¡Þ,¡Þ,¡Þ,¡Þ,¡Þ,¡Þ,¡Þ,7008,¡Þ,¡Þ,¡Þ,¡Þ,¡Þ,¡Þ,¡Þ,¡Þ,¡Þ,¡Þ,¡Þ,¡Þ,¡Þ,¡Þ,¡Þ,¡Þ,¡Þ,¡Þ,¡Þ,¡Þ,¡Þ,¡Þ,¡Þ,¡Þ,¡Þ,¡Þ,¡Þ,¡Þ,¡Þ,¡Þ,¡Þ,¡Þ,¡Þ,¡Þ,¡Þ,¡Þ,¡Þ,¡Þ,¡Þ,¡Þ,¡Þ,¡Þ,¡Þ,¡Þ,¡Þ,¡Þ,¡Þ,¡Þ,¡Þ,¡Þ,¡Þ,¡Þ,¡Þ,¡Þ,¡Þ,¡Þ,¡Þ,¡Þ,¡Þ,¡Þ,¡Þ,¡Þ,¡Þ,¡Þ,¡Þ,¡Þ,¡Þ,¡Þ,¡Þ,¡Þ,¡Þ,¡Þ,¡Þ,¡Þ,¡Þ,¡Þ,¡Þ,¡Þ,¡Þ,¡Þ,¡Þ,¡Þ,¡Þ,¡Þ,¡Þ,¡Þ,¡Þ,¡Þ,¡Þ,¡Þ,¡Þ,¡Þ,¡Þ,¡Þ,¡Þ,¡Þ,¡Þ,¡Þ,¡Þ,
¡Þ,¡Þ,¡Þ,¡Þ,¡Þ,¡Þ,¡Þ,¡Þ,¡Þ,¡Þ,¡Þ,¡Þ,¡Þ,¡Þ,¡Þ,¡Þ,¡Þ,¡Þ,¡Þ,¡Þ,¡Þ,¡Þ,¡Þ,¡Þ,¡Þ,¡Þ,¡Þ,¡Þ,¡Þ,¡Þ,¡Þ,¡Þ,¡Þ,¡Þ,¡Þ,¡Þ,¡Þ,¡Þ,¡Þ,¡Þ,¡Þ,¡Þ,¡Þ,¡Þ,¡Þ,¡Þ,¡Þ,¡Þ,¡Þ,¡Þ,¡Þ,¡Þ,¡Þ,¡Þ,¡Þ,¡Þ,¡Þ,¡Þ,¡Þ,¡Þ,¡Þ,¡Þ,¡Þ,¡Þ,¡Þ,¡Þ,¡Þ,¡Þ,¡Þ,¡Þ,¡Þ,¡Þ,¡Þ,¡Þ,¡Þ,¡Þ,¡Þ,¡Þ,¡Þ,¡Þ,¡Þ,¡Þ,¡Þ,¡Þ,¡Þ,¡Þ,¡Þ,¡Þ,¡Þ,¡Þ,¡Þ,¡Þ,¡Þ,¡Þ,¡Þ,¡Þ,¡Þ,¡Þ,¡Þ,¡Þ,¡Þ,¡Þ,¡Þ,¡Þ,¡Þ,¡Þ,¡Þ,¡Þ,¡Þ,¡Þ,¡Þ,¡Þ,¡Þ,¡Þ,¡Þ,¡Þ,¡Þ,¡Þ,¡Þ,¡Þ,¡Þ,¡Þ,¡Þ,¡Þ,¡Þ,¡Þ,¡Þ,¡Þ,1779,¡Þ,¡Þ,¡Þ,¡Þ,¡Þ,¡Þ,¡Þ,¡Þ,¡Þ,¡Þ,¡Þ,¡Þ,¡Þ,¡Þ,¡Þ,¡Þ,¡Þ,¡Þ,¡Þ,¡Þ,¡Þ,¡Þ,¡Þ,¡Þ,¡Þ,¡Þ,¡Þ,¡Þ,¡Þ,¡Þ,¡Þ,¡Þ,¡Þ,¡Þ,¡Þ,¡Þ,¡Þ,¡Þ,
¡Þ,¡Þ,¡Þ,¡Þ,¡Þ,1151,¡Þ,¡Þ,¡Þ,¡Þ,¡Þ,¡Þ,¡Þ,¡Þ,¡Þ,2157,¡Þ,¡Þ,¡Þ,¡Þ,¡Þ,¡Þ,¡Þ,¡Þ,¡Þ,¡Þ,¡Þ,¡Þ,¡Þ,¡Þ,¡Þ,¡Þ,¡Þ,¡Þ,¡Þ,¡Þ,¡Þ,¡Þ,¡Þ,¡Þ,¡Þ,¡Þ,¡Þ,¡Þ,¡Þ,¡Þ,¡Þ,¡Þ,¡Þ,¡Þ,¡Þ,¡Þ,¡Þ,¡Þ,¡Þ,¡Þ,¡Þ,¡Þ,¡Þ,¡Þ,¡Þ,¡Þ,¡Þ,¡Þ,¡Þ,¡Þ,¡Þ,¡Þ,¡Þ,¡Þ,¡Þ,¡Þ,¡Þ,¡Þ,¡Þ,¡Þ,¡Þ,¡Þ,¡Þ,¡Þ,¡Þ,¡Þ,¡Þ,¡Þ,¡Þ,¡Þ,¡Þ,¡Þ,¡Þ,¡Þ,¡Þ,¡Þ,¡Þ,¡Þ,1096,¡Þ,¡Þ,¡Þ,¡Þ,¡Þ,¡Þ,¡Þ,¡Þ,¡Þ,¡Þ,¡Þ,¡Þ,¡Þ,¡Þ,¡Þ,¡Þ,¡Þ,¡Þ,¡Þ,¡Þ,¡Þ,¡Þ,¡Þ,¡Þ,¡Þ,¡Þ,¡Þ,¡Þ,¡Þ,¡Þ,¡Þ,¡Þ,¡Þ,¡Þ,¡Þ,¡Þ,¡Þ,¡Þ,¡Þ,¡Þ,¡Þ,¡Þ,¡Þ,¡Þ,¡Þ,¡Þ,¡Þ,¡Þ,¡Þ,¡Þ,¡Þ,¡Þ,¡Þ,¡Þ,¡Þ,¡Þ,¡Þ,¡Þ,¡Þ,¡Þ,¡Þ,¡Þ,¡Þ,¡Þ,¡Þ,¡Þ,¡Þ,¡Þ,1060,¡Þ,¡Þ,¡Þ,
¡Þ,¡Þ,¡Þ,¡Þ,¡Þ,1949,¡Þ,¡Þ,¡Þ,¡Þ,¡Þ,¡Þ,¡Þ,¡Þ,¡Þ,¡Þ,¡Þ,¡Þ,¡Þ,¡Þ,¡Þ,¡Þ,¡Þ,¡Þ,¡Þ,¡Þ,¡Þ,¡Þ,¡Þ,¡Þ,¡Þ,¡Þ,¡Þ,¡Þ,¡Þ,¡Þ,¡Þ,¡Þ,¡Þ,¡Þ,¡Þ,¡Þ,¡Þ,¡Þ,¡Þ,¡Þ,¡Þ,¡Þ,¡Þ,¡Þ,¡Þ,¡Þ,¡Þ,¡Þ,¡Þ,¡Þ,¡Þ,¡Þ,¡Þ,¡Þ,¡Þ,¡Þ,¡Þ,¡Þ,¡Þ,¡Þ,¡Þ,¡Þ,¡Þ,¡Þ,¡Þ,¡Þ,¡Þ,¡Þ,¡Þ,¡Þ,¡Þ,¡Þ,¡Þ,¡Þ,¡Þ,¡Þ,¡Þ,¡Þ,¡Þ,¡Þ,¡Þ,¡Þ,¡Þ,¡Þ,¡Þ,¡Þ,¡Þ,¡Þ,¡Þ,¡Þ,¡Þ,¡Þ,¡Þ,¡Þ,¡Þ,¡Þ,¡Þ,¡Þ,¡Þ,¡Þ,¡Þ,¡Þ,¡Þ,¡Þ,¡Þ,¡Þ,¡Þ,¡Þ,¡Þ,¡Þ,¡Þ,¡Þ,¡Þ,¡Þ,¡Þ,¡Þ,¡Þ,¡Þ,¡Þ,¡Þ,¡Þ,¡Þ,¡Þ,¡Þ,875,¡Þ,¡Þ,¡Þ,¡Þ,¡Þ,¡Þ,¡Þ,¡Þ,¡Þ,¡Þ,¡Þ,¡Þ,¡Þ,¡Þ,¡Þ,¡Þ,¡Þ,¡Þ,¡Þ,¡Þ,¡Þ,¡Þ,¡Þ,¡Þ,¡Þ,¡Þ,¡Þ,¡Þ,¡Þ,¡Þ,¡Þ,¡Þ,¡Þ,¡Þ,¡Þ,¡Þ,
¡Þ,¡Þ,¡Þ,¡Þ,¡Þ,¡Þ,¡Þ,¡Þ,¡Þ,¡Þ,¡Þ,¡Þ,¡Þ,2157,¡Þ,¡Þ,¡Þ,¡Þ,¡Þ,¡Þ,¡Þ,¡Þ,¡Þ,¡Þ,¡Þ,¡Þ,¡Þ,¡Þ,¡Þ,¡Þ,¡Þ,¡Þ,¡Þ,¡Þ,¡Þ,¡Þ,¡Þ,¡Þ,¡Þ,¡Þ,¡Þ,¡Þ,¡Þ,¡Þ,¡Þ,¡Þ,¡Þ,¡Þ,¡Þ,¡Þ,¡Þ,¡Þ,¡Þ,¡Þ,¡Þ,¡Þ,¡Þ,¡Þ,¡Þ,¡Þ,¡Þ,¡Þ,¡Þ,¡Þ,¡Þ,¡Þ,¡Þ,¡Þ,¡Þ,¡Þ,¡Þ,¡Þ,¡Þ,¡Þ,¡Þ,¡Þ,¡Þ,¡Þ,¡Þ,¡Þ,¡Þ,¡Þ,¡Þ,¡Þ,¡Þ,¡Þ,¡Þ,¡Þ,¡Þ,¡Þ,¡Þ,¡Þ,¡Þ,¡Þ,¡Þ,¡Þ,¡Þ,¡Þ,¡Þ,¡Þ,¡Þ,¡Þ,¡Þ,¡Þ,¡Þ,¡Þ,¡Þ,¡Þ,¡Þ,¡Þ,¡Þ,¡Þ,¡Þ,¡Þ,¡Þ,¡Þ,¡Þ,¡Þ,¡Þ,¡Þ,¡Þ,¡Þ,¡Þ,¡Þ,¡Þ,¡Þ,1575,¡Þ,¡Þ,¡Þ,¡Þ,¡Þ,¡Þ,¡Þ,¡Þ,¡Þ,¡Þ,¡Þ,¡Þ,¡Þ,¡Þ,¡Þ,¡Þ,¡Þ,¡Þ,¡Þ,¡Þ,¡Þ,¡Þ,¡Þ,¡Þ,¡Þ,¡Þ,¡Þ,¡Þ,¡Þ,¡Þ,¡Þ,¡Þ,¡Þ,¡Þ,¡Þ,¡Þ,¡Þ,¡Þ,¡Þ,¡Þ,
¡Þ,¡Þ,¡Þ,¡Þ,¡Þ,¡Þ,¡Þ,¡Þ,¡Þ,¡Þ,¡Þ,¡Þ,¡Þ,¡Þ,¡Þ,¡Þ,¡Þ,¡Þ,¡Þ,¡Þ,¡Þ,¡Þ,¡Þ,¡Þ,¡Þ,¡Þ,¡Þ,¡Þ,¡Þ,¡Þ,¡Þ,¡Þ,¡Þ,¡Þ,¡Þ,¡Þ,¡Þ,¡Þ,¡Þ,¡Þ,¡Þ,¡Þ,¡Þ,¡Þ,¡Þ,¡Þ,¡Þ,¡Þ,¡Þ,¡Þ,¡Þ,¡Þ,¡Þ,¡Þ,¡Þ,¡Þ,¡Þ,¡Þ,¡Þ,¡Þ,¡Þ,¡Þ,¡Þ,¡Þ,¡Þ,¡Þ,¡Þ,¡Þ,¡Þ,¡Þ,¡Þ,¡Þ,¡Þ,¡Þ,¡Þ,¡Þ,¡Þ,¡Þ,¡Þ,¡Þ,¡Þ,¡Þ,¡Þ,¡Þ,¡Þ,¡Þ,¡Þ,¡Þ,¡Þ,¡Þ,¡Þ,¡Þ,¡Þ,¡Þ,¡Þ,¡Þ,¡Þ,¡Þ,¡Þ,¡Þ,¡Þ,¡Þ,¡Þ,¡Þ,¡Þ,¡Þ,¡Þ,¡Þ,¡Þ,¡Þ,¡Þ,¡Þ,¡Þ,¡Þ,¡Þ,¡Þ,¡Þ,¡Þ,¡Þ,¡Þ,¡Þ,¡Þ,¡Þ,¡Þ,¡Þ,¡Þ,¡Þ,¡Þ,¡Þ,¡Þ,¡Þ,¡Þ,¡Þ,¡Þ,¡Þ,¡Þ,¡Þ,¡Þ,¡Þ,¡Þ,¡Þ,746,¡Þ,¡Þ,¡Þ,¡Þ,¡Þ,¡Þ,¡Þ,¡Þ,¡Þ,¡Þ,¡Þ,¡Þ,¡Þ,¡Þ,¡Þ,¡Þ,¡Þ,¡Þ,¡Þ,¡Þ,¡Þ,¡Þ,1088,¡Þ,¡Þ,
¡Þ,¡Þ,¡Þ,¡Þ,¡Þ,¡Þ,¡Þ,¡Þ,¡Þ,¡Þ,¡Þ,¡Þ,¡Þ,¡Þ,¡Þ,¡Þ,¡Þ,¡Þ,¡Þ,¡Þ,¡Þ,¡Þ,¡Þ,¡Þ,¡Þ,¡Þ,¡Þ,¡Þ,¡Þ,¡Þ,¡Þ,¡Þ,3142,¡Þ,¡Þ,¡Þ,¡Þ,¡Þ,¡Þ,¡Þ,¡Þ,¡Þ,¡Þ,¡Þ,¡Þ,¡Þ,¡Þ,¡Þ,¡Þ,¡Þ,5716,¡Þ,¡Þ,¡Þ,¡Þ,¡Þ,¡Þ,¡Þ,¡Þ,¡Þ,¡Þ,¡Þ,¡Þ,¡Þ,¡Þ,¡Þ,¡Þ,¡Þ,¡Þ,¡Þ,¡Þ,¡Þ,¡Þ,¡Þ,¡Þ,¡Þ,¡Þ,¡Þ,¡Þ,¡Þ,¡Þ,¡Þ,¡Þ,¡Þ,¡Þ,¡Þ,¡Þ,¡Þ,¡Þ,¡Þ,¡Þ,¡Þ,¡Þ,¡Þ,¡Þ,¡Þ,¡Þ,¡Þ,1434,¡Þ,¡Þ,¡Þ,¡Þ,¡Þ,¡Þ,¡Þ,¡Þ,¡Þ,¡Þ,¡Þ,¡Þ,1673,¡Þ,¡Þ,¡Þ,¡Þ,¡Þ,¡Þ,¡Þ,¡Þ,¡Þ,¡Þ,¡Þ,¡Þ,¡Þ,¡Þ,¡Þ,¡Þ,¡Þ,¡Þ,¡Þ,¡Þ,¡Þ,¡Þ,¡Þ,¡Þ,¡Þ,¡Þ,¡Þ,¡Þ,¡Þ,¡Þ,¡Þ,¡Þ,¡Þ,1166,¡Þ,1912,¡Þ,¡Þ,1405,¡Þ,¡Þ,¡Þ,¡Þ,¡Þ,¡Þ,¡Þ,¡Þ,¡Þ,¡Þ,¡Þ,¡Þ,¡Þ,¡Þ,1210,¡Þ,
¡Þ,¡Þ,¡Þ,¡Þ,¡Þ,¡Þ,¡Þ,¡Þ,¡Þ,¡Þ,¡Þ,¡Þ,¡Þ,¡Þ,¡Þ,¡Þ,¡Þ,¡Þ,¡Þ,¡Þ,¡Þ,¡Þ,¡Þ,¡Þ,¡Þ,¡Þ,¡Þ,¡Þ,¡Þ,¡Þ,¡Þ,¡Þ,¡Þ,¡Þ,¡Þ,¡Þ,¡Þ,¡Þ,¡Þ,¡Þ,¡Þ,¡Þ,¡Þ,¡Þ,¡Þ,¡Þ,¡Þ,¡Þ,¡Þ,¡Þ,¡Þ,¡Þ,¡Þ,¡Þ,¡Þ,¡Þ,¡Þ,¡Þ,¡Þ,¡Þ,¡Þ,¡Þ,¡Þ,¡Þ,¡Þ,¡Þ,¡Þ,¡Þ,¡Þ,¡Þ,¡Þ,¡Þ,¡Þ,¡Þ,¡Þ,¡Þ,¡Þ,¡Þ,¡Þ,¡Þ,¡Þ,¡Þ,¡Þ,¡Þ,¡Þ,¡Þ,¡Þ,¡Þ,¡Þ,¡Þ,¡Þ,¡Þ,¡Þ,¡Þ,¡Þ,¡Þ,¡Þ,¡Þ,¡Þ,¡Þ,¡Þ,¡Þ,¡Þ,¡Þ,¡Þ,¡Þ,¡Þ,¡Þ,¡Þ,¡Þ,¡Þ,¡Þ,¡Þ,¡Þ,¡Þ,1765,¡Þ,¡Þ,¡Þ,¡Þ,¡Þ,¡Þ,¡Þ,¡Þ,¡Þ,¡Þ,¡Þ,¡Þ,¡Þ,¡Þ,¡Þ,¡Þ,¡Þ,¡Þ,¡Þ,¡Þ,¡Þ,¡Þ,¡Þ,¡Þ,¡Þ,¡Þ,¡Þ,¡Þ,¡Þ,¡Þ,¡Þ,¡Þ,¡Þ,¡Þ,¡Þ,¡Þ,¡Þ,¡Þ,¡Þ,¡Þ,¡Þ,¡Þ,¡Þ,¡Þ,¡Þ,¡Þ,¡Þ,¡Þ,¡Þ,¡Þ,¡Þ,
¡Þ,¡Þ,¡Þ,¡Þ,¡Þ,¡Þ,¡Þ,¡Þ,¡Þ,¡Þ,¡Þ,¡Þ,¡Þ,¡Þ,¡Þ,¡Þ,¡Þ,¡Þ,¡Þ,¡Þ,¡Þ,¡Þ,¡Þ,¡Þ,¡Þ,¡Þ,¡Þ,¡Þ,¡Þ,¡Þ,806,¡Þ,¡Þ,¡Þ,¡Þ,¡Þ,¡Þ,¡Þ,¡Þ,¡Þ,¡Þ,¡Þ,¡Þ,¡Þ,¡Þ,¡Þ,¡Þ,¡Þ,¡Þ,¡Þ,¡Þ,¡Þ,¡Þ,¡Þ,¡Þ,¡Þ,¡Þ,¡Þ,¡Þ,702,¡Þ,¡Þ,¡Þ,¡Þ,¡Þ,¡Þ,¡Þ,¡Þ,¡Þ,¡Þ,¡Þ,¡Þ,¡Þ,¡Þ,¡Þ,¡Þ,¡Þ,¡Þ,¡Þ,¡Þ,¡Þ,¡Þ,¡Þ,¡Þ,¡Þ,¡Þ,¡Þ,¡Þ,¡Þ,¡Þ,¡Þ,¡Þ,¡Þ,¡Þ,¡Þ,¡Þ,¡Þ,¡Þ,¡Þ,¡Þ,¡Þ,¡Þ,¡Þ,¡Þ,¡Þ,¡Þ,¡Þ,¡Þ,¡Þ,¡Þ,¡Þ,¡Þ,¡Þ,¡Þ,¡Þ,¡Þ,¡Þ,¡Þ,¡Þ,¡Þ,¡Þ,¡Þ,¡Þ,¡Þ,¡Þ,¡Þ,¡Þ,¡Þ,¡Þ,¡Þ,¡Þ,¡Þ,¡Þ,¡Þ,¡Þ,¡Þ,¡Þ,¡Þ,¡Þ,¡Þ,¡Þ,¡Þ,¡Þ,¡Þ,¡Þ,¡Þ,¡Þ,¡Þ,¡Þ,¡Þ,¡Þ,¡Þ,¡Þ,¡Þ,¡Þ,¡Þ,¡Þ,¡Þ,¡Þ,¡Þ,¡Þ,¡Þ,¡Þ,¡Þ,¡Þ,¡Þ,¡Þ,
¡Þ,¡Þ,¡Þ,¡Þ,¡Þ,¡Þ,¡Þ,¡Þ,¡Þ,¡Þ,¡Þ,¡Þ,¡Þ,¡Þ,¡Þ,¡Þ,¡Þ,¡Þ,¡Þ,¡Þ,¡Þ,¡Þ,¡Þ,¡Þ,¡Þ,¡Þ,¡Þ,¡Þ,¡Þ,¡Þ,¡Þ,¡Þ,¡Þ,¡Þ,¡Þ,¡Þ,¡Þ,¡Þ,¡Þ,¡Þ,¡Þ,¡Þ,¡Þ,¡Þ,¡Þ,¡Þ,¡Þ,¡Þ,¡Þ,¡Þ,¡Þ,¡Þ,¡Þ,¡Þ,¡Þ,¡Þ,¡Þ,¡Þ,¡Þ,¡Þ,¡Þ,¡Þ,¡Þ,¡Þ,¡Þ,¡Þ,¡Þ,¡Þ,¡Þ,¡Þ,¡Þ,¡Þ,¡Þ,¡Þ,¡Þ,¡Þ,¡Þ,¡Þ,¡Þ,¡Þ,¡Þ,¡Þ,¡Þ,¡Þ,¡Þ,¡Þ,¡Þ,¡Þ,¡Þ,¡Þ,¡Þ,¡Þ,¡Þ,¡Þ,¡Þ,¡Þ,¡Þ,¡Þ,¡Þ,¡Þ,¡Þ,¡Þ,¡Þ,¡Þ,¡Þ,¡Þ,¡Þ,¡Þ,¡Þ,1111,¡Þ,¡Þ,¡Þ,¡Þ,¡Þ,¡Þ,¡Þ,¡Þ,¡Þ,¡Þ,¡Þ,¡Þ,¡Þ,¡Þ,¡Þ,¡Þ,¡Þ,¡Þ,¡Þ,¡Þ,¡Þ,¡Þ,¡Þ,¡Þ,¡Þ,¡Þ,1524,¡Þ,¡Þ,¡Þ,¡Þ,¡Þ,¡Þ,¡Þ,¡Þ,¡Þ,¡Þ,¡Þ,¡Þ,¡Þ,¡Þ,¡Þ,¡Þ,¡Þ,¡Þ,¡Þ,¡Þ,¡Þ,¡Þ,¡Þ,¡Þ,¡Þ,¡Þ,¡Þ,¡Þ,¡Þ,¡Þ,
¡Þ,¡Þ,¡Þ,¡Þ,¡Þ,¡Þ,¡Þ,¡Þ,¡Þ,¡Þ,¡Þ,¡Þ,¡Þ,¡Þ,¡Þ,¡Þ,¡Þ,¡Þ,¡Þ,¡Þ,¡Þ,¡Þ,¡Þ,¡Þ,¡Þ,¡Þ,1269,¡Þ,¡Þ,¡Þ,¡Þ,¡Þ,¡Þ,¡Þ,¡Þ,¡Þ,¡Þ,¡Þ,¡Þ,¡Þ,¡Þ,¡Þ,¡Þ,¡Þ,¡Þ,¡Þ,¡Þ,¡Þ,¡Þ,¡Þ,¡Þ,¡Þ,¡Þ,¡Þ,¡Þ,¡Þ,¡Þ,¡Þ,¡Þ,¡Þ,¡Þ,¡Þ,¡Þ,¡Þ,¡Þ,¡Þ,¡Þ,¡Þ,¡Þ,¡Þ,¡Þ,¡Þ,¡Þ,¡Þ,¡Þ,¡Þ,¡Þ,¡Þ,¡Þ,¡Þ,¡Þ,¡Þ,¡Þ,¡Þ,¡Þ,¡Þ,¡Þ,¡Þ,¡Þ,¡Þ,¡Þ,¡Þ,¡Þ,¡Þ,1137,¡Þ,¡Þ,¡Þ,¡Þ,¡Þ,¡Þ,¡Þ,¡Þ,¡Þ,¡Þ,¡Þ,¡Þ,¡Þ,¡Þ,¡Þ,¡Þ,¡Þ,¡Þ,¡Þ,¡Þ,¡Þ,¡Þ,¡Þ,¡Þ,¡Þ,¡Þ,¡Þ,¡Þ,¡Þ,¡Þ,¡Þ,¡Þ,¡Þ,¡Þ,¡Þ,¡Þ,¡Þ,¡Þ,¡Þ,¡Þ,¡Þ,¡Þ,¡Þ,¡Þ,¡Þ,¡Þ,¡Þ,¡Þ,¡Þ,¡Þ,¡Þ,¡Þ,¡Þ,¡Þ,¡Þ,¡Þ,¡Þ,¡Þ,¡Þ,¡Þ,¡Þ,¡Þ,¡Þ,¡Þ,¡Þ,¡Þ,¡Þ,¡Þ,¡Þ,¡Þ,¡Þ,¡Þ,
¡Þ,¡Þ,¡Þ,¡Þ,¡Þ,¡Þ,¡Þ,¡Þ,¡Þ,¡Þ,¡Þ,¡Þ,¡Þ,¡Þ,¡Þ,¡Þ,¡Þ,¡Þ,¡Þ,¡Þ,¡Þ,¡Þ,¡Þ,¡Þ,¡Þ,¡Þ,¡Þ,¡Þ,¡Þ,¡Þ,¡Þ,¡Þ,¡Þ,¡Þ,¡Þ,¡Þ,¡Þ,¡Þ,¡Þ,¡Þ,¡Þ,¡Þ,¡Þ,¡Þ,¡Þ,¡Þ,¡Þ,¡Þ,¡Þ,¡Þ,¡Þ,¡Þ,¡Þ,¡Þ,¡Þ,¡Þ,1792,¡Þ,¡Þ,¡Þ,¡Þ,¡Þ,¡Þ,¡Þ,¡Þ,¡Þ,¡Þ,¡Þ,¡Þ,¡Þ,¡Þ,¡Þ,1432,¡Þ,895,¡Þ,¡Þ,¡Þ,¡Þ,¡Þ,¡Þ,¡Þ,¡Þ,¡Þ,¡Þ,¡Þ,¡Þ,¡Þ,¡Þ,¡Þ,¡Þ,¡Þ,¡Þ,¡Þ,¡Þ,¡Þ,¡Þ,¡Þ,¡Þ,¡Þ,¡Þ,¡Þ,¡Þ,¡Þ,¡Þ,¡Þ,¡Þ,¡Þ,¡Þ,¡Þ,¡Þ,¡Þ,¡Þ,¡Þ,¡Þ,¡Þ,¡Þ,¡Þ,¡Þ,¡Þ,¡Þ,¡Þ,¡Þ,¡Þ,¡Þ,¡Þ,¡Þ,¡Þ,¡Þ,¡Þ,¡Þ,¡Þ,¡Þ,¡Þ,¡Þ,¡Þ,¡Þ,¡Þ,¡Þ,¡Þ,¡Þ,¡Þ,¡Þ,¡Þ,¡Þ,¡Þ,¡Þ,¡Þ,¡Þ,¡Þ,¡Þ,¡Þ,¡Þ,¡Þ,¡Þ,1634,¡Þ,¡Þ,¡Þ,¡Þ,¡Þ,¡Þ,¡Þ,¡Þ,¡Þ,¡Þ,¡Þ,
¡Þ,¡Þ,¡Þ,¡Þ,¡Þ,¡Þ,¡Þ,¡Þ,¡Þ,¡Þ,¡Þ,¡Þ,¡Þ,¡Þ,¡Þ,¡Þ,¡Þ,¡Þ,¡Þ,¡Þ,¡Þ,¡Þ,¡Þ,¡Þ,¡Þ,¡Þ,¡Þ,¡Þ,¡Þ,¡Þ,¡Þ,¡Þ,¡Þ,¡Þ,¡Þ,¡Þ,¡Þ,¡Þ,¡Þ,¡Þ,¡Þ,¡Þ,¡Þ,¡Þ,¡Þ,¡Þ,¡Þ,¡Þ,¡Þ,¡Þ,¡Þ,¡Þ,¡Þ,¡Þ,¡Þ,¡Þ,¡Þ,¡Þ,¡Þ,¡Þ,¡Þ,¡Þ,¡Þ,¡Þ,¡Þ,¡Þ,¡Þ,¡Þ,¡Þ,¡Þ,¡Þ,¡Þ,¡Þ,¡Þ,¡Þ,1218,¡Þ,¡Þ,¡Þ,¡Þ,¡Þ,¡Þ,¡Þ,¡Þ,¡Þ,¡Þ,¡Þ,¡Þ,¡Þ,¡Þ,¡Þ,¡Þ,¡Þ,¡Þ,¡Þ,¡Þ,¡Þ,¡Þ,¡Þ,¡Þ,¡Þ,¡Þ,¡Þ,¡Þ,¡Þ,¡Þ,¡Þ,¡Þ,¡Þ,¡Þ,¡Þ,¡Þ,¡Þ,¡Þ,¡Þ,¡Þ,¡Þ,¡Þ,¡Þ,¡Þ,¡Þ,¡Þ,¡Þ,¡Þ,¡Þ,¡Þ,¡Þ,¡Þ,¡Þ,¡Þ,¡Þ,¡Þ,¡Þ,¡Þ,984,¡Þ,¡Þ,¡Þ,¡Þ,¡Þ,¡Þ,¡Þ,¡Þ,¡Þ,¡Þ,¡Þ,¡Þ,¡Þ,¡Þ,¡Þ,¡Þ,¡Þ,¡Þ,¡Þ,¡Þ,¡Þ,¡Þ,¡Þ,¡Þ,¡Þ,¡Þ,¡Þ,¡Þ,¡Þ,¡Þ,¡Þ,¡Þ,
¡Þ,¡Þ,¡Þ,¡Þ,¡Þ,¡Þ,¡Þ,¡Þ,¡Þ,¡Þ,¡Þ,¡Þ,¡Þ,¡Þ,¡Þ,¡Þ,¡Þ,¡Þ,¡Þ,¡Þ,¡Þ,¡Þ,¡Þ,¡Þ,¡Þ,¡Þ,¡Þ,¡Þ,¡Þ,¡Þ,¡Þ,¡Þ,¡Þ,¡Þ,¡Þ,¡Þ,¡Þ,¡Þ,¡Þ,¡Þ,¡Þ,¡Þ,¡Þ,¡Þ,¡Þ,¡Þ,¡Þ,¡Þ,¡Þ,¡Þ,¡Þ,¡Þ,¡Þ,¡Þ,¡Þ,¡Þ,¡Þ,¡Þ,¡Þ,¡Þ,¡Þ,¡Þ,¡Þ,¡Þ,¡Þ,¡Þ,¡Þ,¡Þ,¡Þ,¡Þ,¡Þ,¡Þ,¡Þ,¡Þ,¡Þ,¡Þ,¡Þ,¡Þ,¡Þ,¡Þ,¡Þ,¡Þ,¡Þ,¡Þ,¡Þ,¡Þ,¡Þ,¡Þ,¡Þ,¡Þ,¡Þ,¡Þ,¡Þ,¡Þ,¡Þ,¡Þ,¡Þ,¡Þ,¡Þ,¡Þ,¡Þ,¡Þ,¡Þ,¡Þ,¡Þ,¡Þ,¡Þ,¡Þ,¡Þ,¡Þ,¡Þ,¡Þ,¡Þ,¡Þ,¡Þ,¡Þ,¡Þ,¡Þ,¡Þ,¡Þ,¡Þ,¡Þ,¡Þ,¡Þ,¡Þ,¡Þ,¡Þ,¡Þ,¡Þ,¡Þ,¡Þ,¡Þ,3664,¡Þ,¡Þ,¡Þ,¡Þ,¡Þ,¡Þ,¡Þ,¡Þ,1321,¡Þ,¡Þ,¡Þ,¡Þ,¡Þ,¡Þ,¡Þ,¡Þ,¡Þ,¡Þ,¡Þ,¡Þ,¡Þ,¡Þ,¡Þ,¡Þ,¡Þ,¡Þ,¡Þ,¡Þ,¡Þ,¡Þ,¡Þ,¡Þ,¡Þ,
1471,¡Þ,¡Þ,¡Þ,¡Þ,¡Þ,¡Þ,¡Þ,¡Þ,¡Þ,¡Þ,¡Þ,¡Þ,¡Þ,¡Þ,¡Þ,¡Þ,¡Þ,¡Þ,¡Þ,¡Þ,¡Þ,¡Þ,¡Þ,¡Þ,¡Þ,¡Þ,¡Þ,¡Þ,¡Þ,¡Þ,¡Þ,¡Þ,¡Þ,¡Þ,¡Þ,¡Þ,¡Þ,¡Þ,¡Þ,¡Þ,¡Þ,¡Þ,1479,¡Þ,¡Þ,¡Þ,¡Þ,¡Þ,¡Þ,¡Þ,¡Þ,¡Þ,¡Þ,¡Þ,¡Þ,¡Þ,¡Þ,¡Þ,¡Þ,¡Þ,¡Þ,¡Þ,¡Þ,¡Þ,¡Þ,¡Þ,¡Þ,¡Þ,¡Þ,¡Þ,¡Þ,¡Þ,¡Þ,¡Þ,¡Þ,¡Þ,¡Þ,¡Þ,¡Þ,¡Þ,¡Þ,¡Þ,¡Þ,¡Þ,¡Þ,¡Þ,¡Þ,¡Þ,¡Þ,¡Þ,¡Þ,¡Þ,¡Þ,¡Þ,¡Þ,¡Þ,¡Þ,¡Þ,¡Þ,¡Þ,¡Þ,¡Þ,¡Þ,¡Þ,¡Þ,¡Þ,¡Þ,¡Þ,¡Þ,¡Þ,¡Þ,¡Þ,¡Þ,¡Þ,¡Þ,¡Þ,¡Þ,¡Þ,¡Þ,¡Þ,¡Þ,¡Þ,¡Þ,¡Þ,¡Þ,¡Þ,¡Þ,¡Þ,¡Þ,¡Þ,¡Þ,¡Þ,¡Þ,¡Þ,¡Þ,¡Þ,¡Þ,¡Þ,¡Þ,¡Þ,¡Þ,¡Þ,¡Þ,¡Þ,¡Þ,¡Þ,¡Þ,¡Þ,¡Þ,¡Þ,¡Þ,¡Þ,¡Þ,¡Þ,¡Þ,¡Þ,¡Þ,¡Þ,¡Þ,¡Þ,¡Þ,¡Þ,¡Þ,¡Þ,¡Þ,¡Þ,
¡Þ,¡Þ,¡Þ,¡Þ,¡Þ,¡Þ,¡Þ,¡Þ,¡Þ,¡Þ,¡Þ,¡Þ,¡Þ,¡Þ,¡Þ,¡Þ,¡Þ,¡Þ,¡Þ,¡Þ,¡Þ,1269,¡Þ,¡Þ,¡Þ,¡Þ,¡Þ,¡Þ,¡Þ,¡Þ,¡Þ,¡Þ,¡Þ,¡Þ,¡Þ,¡Þ,¡Þ,¡Þ,¡Þ,¡Þ,¡Þ,¡Þ,¡Þ,¡Þ,¡Þ,¡Þ,¡Þ,¡Þ,¡Þ,¡Þ,¡Þ,¡Þ,¡Þ,¡Þ,¡Þ,¡Þ,¡Þ,¡Þ,¡Þ,¡Þ,¡Þ,¡Þ,¡Þ,¡Þ,¡Þ,¡Þ,¡Þ,¡Þ,¡Þ,¡Þ,¡Þ,¡Þ,¡Þ,¡Þ,¡Þ,¡Þ,¡Þ,¡Þ,¡Þ,¡Þ,¡Þ,¡Þ,3914,¡Þ,¡Þ,¡Þ,¡Þ,¡Þ,¡Þ,¡Þ,¡Þ,¡Þ,¡Þ,¡Þ,¡Þ,¡Þ,¡Þ,¡Þ,¡Þ,¡Þ,¡Þ,¡Þ,¡Þ,¡Þ,¡Þ,¡Þ,¡Þ,¡Þ,¡Þ,¡Þ,¡Þ,¡Þ,¡Þ,¡Þ,¡Þ,¡Þ,¡Þ,¡Þ,¡Þ,¡Þ,¡Þ,¡Þ,¡Þ,¡Þ,¡Þ,¡Þ,¡Þ,¡Þ,¡Þ,¡Þ,¡Þ,¡Þ,¡Þ,¡Þ,¡Þ,¡Þ,¡Þ,¡Þ,¡Þ,¡Þ,¡Þ,¡Þ,¡Þ,¡Þ,¡Þ,¡Þ,¡Þ,¡Þ,¡Þ,¡Þ,¡Þ,¡Þ,¡Þ,¡Þ,¡Þ,¡Þ,¡Þ,¡Þ,¡Þ,¡Þ,¡Þ,¡Þ,¡Þ,¡Þ,¡Þ,¡Þ,¡Þ,
¡Þ,¡Þ,¡Þ,¡Þ,¡Þ,¡Þ,¡Þ,¡Þ,¡Þ,¡Þ,¡Þ,¡Þ,¡Þ,¡Þ,¡Þ,¡Þ,¡Þ,¡Þ,¡Þ,¡Þ,¡Þ,¡Þ,¡Þ,¡Þ,¡Þ,¡Þ,¡Þ,¡Þ,¡Þ,¡Þ,¡Þ,¡Þ,¡Þ,¡Þ,¡Þ,¡Þ,¡Þ,¡Þ,¡Þ,¡Þ,¡Þ,¡Þ,1025,¡Þ,¡Þ,¡Þ,¡Þ,¡Þ,¡Þ,¡Þ,¡Þ,¡Þ,¡Þ,964,¡Þ,¡Þ,¡Þ,¡Þ,¡Þ,¡Þ,¡Þ,¡Þ,¡Þ,¡Þ,¡Þ,¡Þ,¡Þ,¡Þ,¡Þ,¡Þ,¡Þ,¡Þ,¡Þ,¡Þ,¡Þ,¡Þ,¡Þ,¡Þ,¡Þ,¡Þ,¡Þ,¡Þ,¡Þ,¡Þ,¡Þ,¡Þ,¡Þ,¡Þ,¡Þ,¡Þ,¡Þ,¡Þ,¡Þ,¡Þ,¡Þ,¡Þ,¡Þ,¡Þ,¡Þ,¡Þ,¡Þ,¡Þ,¡Þ,¡Þ,¡Þ,¡Þ,¡Þ,¡Þ,¡Þ,¡Þ,¡Þ,¡Þ,¡Þ,¡Þ,¡Þ,¡Þ,¡Þ,¡Þ,¡Þ,¡Þ,¡Þ,¡Þ,¡Þ,¡Þ,¡Þ,¡Þ,¡Þ,¡Þ,¡Þ,¡Þ,¡Þ,¡Þ,¡Þ,¡Þ,¡Þ,¡Þ,¡Þ,¡Þ,¡Þ,¡Þ,¡Þ,¡Þ,¡Þ,¡Þ,¡Þ,¡Þ,¡Þ,¡Þ,¡Þ,¡Þ,¡Þ,¡Þ,¡Þ,¡Þ,¡Þ,¡Þ,¡Þ,¡Þ,¡Þ,¡Þ,¡Þ,¡Þ,¡Þ,¡Þ,¡Þ,¡Þ,¡Þ,
¡Þ,¡Þ,¡Þ,¡Þ,¡Þ,¡Þ,¡Þ,¡Þ,¡Þ,¡Þ,¡Þ,¡Þ,¡Þ,¡Þ,¡Þ,¡Þ,¡Þ,¡Þ,¡Þ,¡Þ,¡Þ,¡Þ,¡Þ,¡Þ,¡Þ,¡Þ,¡Þ,¡Þ,¡Þ,¡Þ,¡Þ,¡Þ,¡Þ,¡Þ,¡Þ,¡Þ,¡Þ,¡Þ,¡Þ,¡Þ,¡Þ,¡Þ,¡Þ,¡Þ,¡Þ,¡Þ,¡Þ,¡Þ,¡Þ,¡Þ,¡Þ,¡Þ,¡Þ,¡Þ,¡Þ,¡Þ,¡Þ,¡Þ,¡Þ,¡Þ,¡Þ,¡Þ,¡Þ,¡Þ,¡Þ,¡Þ,¡Þ,¡Þ,¡Þ,¡Þ,¡Þ,¡Þ,¡Þ,¡Þ,¡Þ,¡Þ,¡Þ,¡Þ,¡Þ,¡Þ,¡Þ,¡Þ,¡Þ,¡Þ,¡Þ,¡Þ,¡Þ,¡Þ,¡Þ,¡Þ,¡Þ,¡Þ,¡Þ,¡Þ,¡Þ,¡Þ,¡Þ,¡Þ,¡Þ,¡Þ,¡Þ,¡Þ,¡Þ,¡Þ,¡Þ,¡Þ,¡Þ,¡Þ,¡Þ,¡Þ,¡Þ,¡Þ,¡Þ,¡Þ,¡Þ,¡Þ,¡Þ,¡Þ,¡Þ,¡Þ,¡Þ,¡Þ,¡Þ,¡Þ,¡Þ,¡Þ,¡Þ,1197,¡Þ,¡Þ,¡Þ,¡Þ,¡Þ,¡Þ,¡Þ,¡Þ,¡Þ,¡Þ,1564,¡Þ,¡Þ,¡Þ,¡Þ,¡Þ,¡Þ,¡Þ,¡Þ,¡Þ,¡Þ,¡Þ,¡Þ,¡Þ,¡Þ,¡Þ,¡Þ,¡Þ,¡Þ,¡Þ,¡Þ,¡Þ,¡Þ,¡Þ,¡Þ,¡Þ,¡Þ,¡Þ,¡Þ,
¡Þ,¡Þ,¡Þ,¡Þ,¡Þ,¡Þ,¡Þ,¡Þ,848,¡Þ,¡Þ,¡Þ,¡Þ,¡Þ,¡Þ,¡Þ,¡Þ,¡Þ,¡Þ,¡Þ,¡Þ,¡Þ,¡Þ,¡Þ,¡Þ,¡Þ,¡Þ,¡Þ,¡Þ,¡Þ,¡Þ,¡Þ,¡Þ,¡Þ,¡Þ,¡Þ,¡Þ,¡Þ,¡Þ,¡Þ,¡Þ,¡Þ,¡Þ,¡Þ,¡Þ,¡Þ,¡Þ,¡Þ,¡Þ,¡Þ,¡Þ,¡Þ,¡Þ,¡Þ,¡Þ,¡Þ,¡Þ,¡Þ,¡Þ,¡Þ,¡Þ,¡Þ,¡Þ,¡Þ,¡Þ,¡Þ,¡Þ,¡Þ,¡Þ,¡Þ,¡Þ,¡Þ,¡Þ,¡Þ,¡Þ,¡Þ,¡Þ,¡Þ,¡Þ,¡Þ,1565,¡Þ,¡Þ,¡Þ,¡Þ,¡Þ,¡Þ,¡Þ,¡Þ,¡Þ,¡Þ,¡Þ,¡Þ,¡Þ,¡Þ,¡Þ,¡Þ,¡Þ,¡Þ,¡Þ,¡Þ,¡Þ,¡Þ,¡Þ,¡Þ,¡Þ,¡Þ,¡Þ,¡Þ,¡Þ,¡Þ,¡Þ,¡Þ,¡Þ,¡Þ,¡Þ,¡Þ,¡Þ,¡Þ,¡Þ,¡Þ,¡Þ,¡Þ,¡Þ,¡Þ,¡Þ,¡Þ,¡Þ,¡Þ,¡Þ,¡Þ,¡Þ,¡Þ,¡Þ,¡Þ,¡Þ,¡Þ,¡Þ,¡Þ,¡Þ,¡Þ,¡Þ,¡Þ,¡Þ,¡Þ,¡Þ,¡Þ,¡Þ,¡Þ,¡Þ,¡Þ,¡Þ,¡Þ,¡Þ,¡Þ,¡Þ,¡Þ,¡Þ,¡Þ,¡Þ,¡Þ,¡Þ,¡Þ,¡Þ,¡Þ,¡Þ,¡Þ,
¡Þ,¡Þ,¡Þ,¡Þ,¡Þ,¡Þ,¡Þ,¡Þ,¡Þ,¡Þ,¡Þ,¡Þ,¡Þ,¡Þ,¡Þ,¡Þ,¡Þ,¡Þ,¡Þ,806,¡Þ,¡Þ,¡Þ,¡Þ,¡Þ,¡Þ,¡Þ,¡Þ,¡Þ,¡Þ,¡Þ,¡Þ,¡Þ,¡Þ,¡Þ,¡Þ,¡Þ,¡Þ,¡Þ,¡Þ,¡Þ,¡Þ,¡Þ,¡Þ,¡Þ,¡Þ,¡Þ,¡Þ,¡Þ,¡Þ,¡Þ,¡Þ,¡Þ,¡Þ,¡Þ,¡Þ,¡Þ,¡Þ,¡Þ,¡Þ,¡Þ,¡Þ,¡Þ,766,¡Þ,¡Þ,¡Þ,¡Þ,¡Þ,¡Þ,¡Þ,¡Þ,¡Þ,¡Þ,¡Þ,¡Þ,¡Þ,¡Þ,¡Þ,¡Þ,¡Þ,¡Þ,¡Þ,¡Þ,¡Þ,¡Þ,¡Þ,¡Þ,¡Þ,¡Þ,¡Þ,¡Þ,¡Þ,¡Þ,¡Þ,¡Þ,¡Þ,¡Þ,¡Þ,¡Þ,¡Þ,¡Þ,¡Þ,¡Þ,¡Þ,¡Þ,¡Þ,¡Þ,¡Þ,¡Þ,¡Þ,¡Þ,¡Þ,¡Þ,¡Þ,¡Þ,¡Þ,¡Þ,¡Þ,¡Þ,¡Þ,¡Þ,¡Þ,¡Þ,¡Þ,¡Þ,¡Þ,¡Þ,¡Þ,¡Þ,¡Þ,¡Þ,¡Þ,¡Þ,¡Þ,¡Þ,¡Þ,¡Þ,¡Þ,¡Þ,¡Þ,¡Þ,¡Þ,¡Þ,¡Þ,¡Þ,¡Þ,¡Þ,¡Þ,¡Þ,¡Þ,¡Þ,¡Þ,¡Þ,¡Þ,¡Þ,¡Þ,¡Þ,¡Þ,¡Þ,¡Þ,¡Þ,¡Þ,¡Þ,¡Þ,¡Þ,¡Þ,
¡Þ,¡Þ,¡Þ,¡Þ,¡Þ,¡Þ,¡Þ,¡Þ,¡Þ,¡Þ,¡Þ,¡Þ,¡Þ,¡Þ,¡Þ,¡Þ,¡Þ,¡Þ,¡Þ,¡Þ,¡Þ,¡Þ,¡Þ,¡Þ,¡Þ,¡Þ,¡Þ,¡Þ,¡Þ,¡Þ,¡Þ,¡Þ,¡Þ,1006,¡Þ,¡Þ,¡Þ,¡Þ,¡Þ,¡Þ,¡Þ,¡Þ,¡Þ,¡Þ,¡Þ,¡Þ,¡Þ,¡Þ,¡Þ,¡Þ,¡Þ,¡Þ,¡Þ,¡Þ,¡Þ,¡Þ,¡Þ,¡Þ,¡Þ,¡Þ,¡Þ,¡Þ,536,1012,¡Þ,¡Þ,1391,¡Þ,¡Þ,¡Þ,¡Þ,¡Þ,¡Þ,¡Þ,¡Þ,¡Þ,¡Þ,¡Þ,¡Þ,¡Þ,¡Þ,¡Þ,¡Þ,¡Þ,¡Þ,¡Þ,¡Þ,¡Þ,¡Þ,¡Þ,¡Þ,¡Þ,¡Þ,¡Þ,¡Þ,¡Þ,¡Þ,¡Þ,¡Þ,¡Þ,¡Þ,¡Þ,¡Þ,¡Þ,¡Þ,¡Þ,¡Þ,¡Þ,¡Þ,¡Þ,¡Þ,¡Þ,¡Þ,¡Þ,¡Þ,¡Þ,¡Þ,¡Þ,¡Þ,¡Þ,¡Þ,¡Þ,¡Þ,¡Þ,¡Þ,¡Þ,¡Þ,¡Þ,¡Þ,¡Þ,¡Þ,¡Þ,¡Þ,¡Þ,¡Þ,¡Þ,¡Þ,¡Þ,¡Þ,¡Þ,¡Þ,¡Þ,¡Þ,¡Þ,¡Þ,¡Þ,¡Þ,¡Þ,¡Þ,¡Þ,¡Þ,¡Þ,¡Þ,¡Þ,¡Þ,¡Þ,¡Þ,¡Þ,¡Þ,¡Þ,¡Þ,¡Þ,¡Þ,¡Þ,¡Þ,¡Þ,¡Þ,
¡Þ,¡Þ,¡Þ,¡Þ,¡Þ,¡Þ,¡Þ,¡Þ,¡Þ,¡Þ,¡Þ,¡Þ,¡Þ,¡Þ,¡Þ,¡Þ,¡Þ,3142,¡Þ,¡Þ,¡Þ,¡Þ,¡Þ,¡Þ,¡Þ,¡Þ,¡Þ,¡Þ,¡Þ,¡Þ,¡Þ,¡Þ,¡Þ,¡Þ,¡Þ,¡Þ,¡Þ,¡Þ,562,¡Þ,¡Þ,¡Þ,¡Þ,¡Þ,¡Þ,¡Þ,¡Þ,¡Þ,¡Þ,¡Þ,¡Þ,¡Þ,¡Þ,¡Þ,¡Þ,¡Þ,¡Þ,¡Þ,¡Þ,¡Þ,¡Þ,¡Þ,¡Þ,¡Þ,¡Þ,¡Þ,¡Þ,¡Þ,¡Þ,¡Þ,¡Þ,¡Þ,¡Þ,¡Þ,¡Þ,¡Þ,¡Þ,¡Þ,1018,¡Þ,¡Þ,¡Þ,¡Þ,¡Þ,¡Þ,¡Þ,¡Þ,¡Þ,¡Þ,¡Þ,¡Þ,¡Þ,¡Þ,¡Þ,¡Þ,¡Þ,¡Þ,¡Þ,¡Þ,¡Þ,¡Þ,¡Þ,¡Þ,¡Þ,¡Þ,¡Þ,¡Þ,¡Þ,¡Þ,¡Þ,¡Þ,¡Þ,¡Þ,¡Þ,1569,¡Þ,¡Þ,¡Þ,¡Þ,¡Þ,¡Þ,¡Þ,¡Þ,¡Þ,874,¡Þ,¡Þ,¡Þ,¡Þ,¡Þ,¡Þ,¡Þ,¡Þ,¡Þ,¡Þ,¡Þ,¡Þ,¡Þ,¡Þ,¡Þ,¡Þ,¡Þ,¡Þ,¡Þ,¡Þ,¡Þ,¡Þ,¡Þ,¡Þ,¡Þ,¡Þ,¡Þ,¡Þ,¡Þ,¡Þ,¡Þ,¡Þ,¡Þ,¡Þ,¡Þ,¡Þ,¡Þ,¡Þ,¡Þ,¡Þ,¡Þ,¡Þ,
¡Þ,¡Þ,¡Þ,¡Þ,¡Þ,¡Þ,¡Þ,¡Þ,¡Þ,¡Þ,¡Þ,¡Þ,¡Þ,¡Þ,¡Þ,¡Þ,¡Þ,¡Þ,¡Þ,¡Þ,¡Þ,¡Þ,¡Þ,¡Þ,¡Þ,¡Þ,¡Þ,¡Þ,¡Þ,¡Þ,¡Þ,1006,¡Þ,¡Þ,¡Þ,¡Þ,¡Þ,¡Þ,¡Þ,¡Þ,¡Þ,¡Þ,¡Þ,¡Þ,¡Þ,¡Þ,¡Þ,¡Þ,¡Þ,¡Þ,¡Þ,¡Þ,¡Þ,¡Þ,¡Þ,¡Þ,¡Þ,¡Þ,¡Þ,¡Þ,¡Þ,¡Þ,¡Þ,¡Þ,¡Þ,¡Þ,¡Þ,¡Þ,¡Þ,¡Þ,¡Þ,¡Þ,¡Þ,¡Þ,¡Þ,¡Þ,¡Þ,¡Þ,¡Þ,¡Þ,¡Þ,¡Þ,¡Þ,¡Þ,¡Þ,¡Þ,¡Þ,¡Þ,¡Þ,¡Þ,¡Þ,¡Þ,¡Þ,¡Þ,¡Þ,¡Þ,¡Þ,¡Þ,¡Þ,¡Þ,¡Þ,¡Þ,¡Þ,¡Þ,¡Þ,¡Þ,¡Þ,¡Þ,¡Þ,¡Þ,¡Þ,¡Þ,¡Þ,¡Þ,¡Þ,¡Þ,¡Þ,¡Þ,¡Þ,¡Þ,¡Þ,¡Þ,¡Þ,¡Þ,¡Þ,¡Þ,¡Þ,¡Þ,¡Þ,¡Þ,¡Þ,¡Þ,¡Þ,¡Þ,¡Þ,¡Þ,¡Þ,¡Þ,¡Þ,¡Þ,¡Þ,¡Þ,¡Þ,¡Þ,¡Þ,¡Þ,¡Þ,¡Þ,¡Þ,¡Þ,¡Þ,¡Þ,¡Þ,¡Þ,¡Þ,¡Þ,¡Þ,¡Þ,¡Þ,¡Þ,¡Þ,¡Þ,¡Þ,¡Þ,¡Þ,¡Þ,¡Þ,
¡Þ,¡Þ,¡Þ,¡Þ,¡Þ,¡Þ,¡Þ,¡Þ,¡Þ,¡Þ,¡Þ,¡Þ,¡Þ,¡Þ,¡Þ,¡Þ,¡Þ,¡Þ,¡Þ,¡Þ,¡Þ,¡Þ,¡Þ,¡Þ,¡Þ,¡Þ,¡Þ,¡Þ,¡Þ,¡Þ,¡Þ,¡Þ,¡Þ,¡Þ,¡Þ,¡Þ,¡Þ,¡Þ,¡Þ,¡Þ,¡Þ,¡Þ,¡Þ,¡Þ,¡Þ,¡Þ,¡Þ,¡Þ,¡Þ,¡Þ,¡Þ,¡Þ,¡Þ,¡Þ,¡Þ,¡Þ,¡Þ,¡Þ,¡Þ,¡Þ,¡Þ,¡Þ,¡Þ,¡Þ,¡Þ,¡Þ,¡Þ,¡Þ,2662,¡Þ,¡Þ,¡Þ,¡Þ,¡Þ,¡Þ,¡Þ,¡Þ,¡Þ,¡Þ,¡Þ,¡Þ,¡Þ,¡Þ,¡Þ,¡Þ,¡Þ,¡Þ,¡Þ,¡Þ,¡Þ,¡Þ,¡Þ,¡Þ,¡Þ,¡Þ,¡Þ,¡Þ,¡Þ,¡Þ,¡Þ,¡Þ,¡Þ,¡Þ,¡Þ,1697,¡Þ,¡Þ,¡Þ,¡Þ,¡Þ,¡Þ,¡Þ,¡Þ,¡Þ,¡Þ,¡Þ,¡Þ,¡Þ,¡Þ,¡Þ,¡Þ,¡Þ,¡Þ,¡Þ,¡Þ,¡Þ,¡Þ,¡Þ,¡Þ,¡Þ,¡Þ,¡Þ,¡Þ,¡Þ,¡Þ,¡Þ,¡Þ,¡Þ,¡Þ,¡Þ,¡Þ,¡Þ,¡Þ,¡Þ,¡Þ,¡Þ,¡Þ,¡Þ,¡Þ,¡Þ,¡Þ,¡Þ,¡Þ,¡Þ,¡Þ,¡Þ,¡Þ,¡Þ,¡Þ,¡Þ,¡Þ,¡Þ,¡Þ,¡Þ,¡Þ,¡Þ,¡Þ,
¡Þ,¡Þ,¡Þ,¡Þ,¡Þ,¡Þ,¡Þ,¡Þ,¡Þ,¡Þ,¡Þ,¡Þ,¡Þ,¡Þ,¡Þ,¡Þ,¡Þ,¡Þ,¡Þ,¡Þ,¡Þ,¡Þ,¡Þ,¡Þ,¡Þ,¡Þ,¡Þ,¡Þ,¡Þ,¡Þ,¡Þ,¡Þ,¡Þ,¡Þ,¡Þ,¡Þ,¡Þ,¡Þ,¡Þ,¡Þ,¡Þ,¡Þ,¡Þ,¡Þ,¡Þ,¡Þ,¡Þ,¡Þ,¡Þ,¡Þ,¡Þ,¡Þ,¡Þ,¡Þ,¡Þ,¡Þ,¡Þ,¡Þ,2040,¡Þ,¡Þ,¡Þ,¡Þ,¡Þ,¡Þ,¡Þ,716,¡Þ,¡Þ,¡Þ,¡Þ,¡Þ,¡Þ,¡Þ,¡Þ,¡Þ,¡Þ,¡Þ,¡Þ,¡Þ,¡Þ,¡Þ,¡Þ,¡Þ,¡Þ,¡Þ,¡Þ,¡Þ,¡Þ,¡Þ,¡Þ,¡Þ,¡Þ,¡Þ,¡Þ,¡Þ,¡Þ,¡Þ,¡Þ,¡Þ,¡Þ,¡Þ,¡Þ,¡Þ,¡Þ,¡Þ,¡Þ,¡Þ,¡Þ,¡Þ,¡Þ,¡Þ,¡Þ,¡Þ,¡Þ,¡Þ,¡Þ,¡Þ,¡Þ,¡Þ,¡Þ,¡Þ,¡Þ,¡Þ,¡Þ,¡Þ,¡Þ,¡Þ,¡Þ,¡Þ,¡Þ,¡Þ,¡Þ,¡Þ,¡Þ,¡Þ,¡Þ,¡Þ,¡Þ,¡Þ,¡Þ,¡Þ,¡Þ,¡Þ,¡Þ,¡Þ,¡Þ,¡Þ,¡Þ,¡Þ,¡Þ,¡Þ,¡Þ,¡Þ,¡Þ,¡Þ,¡Þ,¡Þ,¡Þ,¡Þ,¡Þ,¡Þ,¡Þ,¡Þ,¡Þ,¡Þ,¡Þ,
¡Þ,¡Þ,¡Þ,¡Þ,¡Þ,¡Þ,¡Þ,¡Þ,¡Þ,¡Þ,¡Þ,¡Þ,¡Þ,¡Þ,¡Þ,¡Þ,¡Þ,¡Þ,¡Þ,¡Þ,¡Þ,¡Þ,¡Þ,¡Þ,¡Þ,¡Þ,¡Þ,¡Þ,¡Þ,¡Þ,¡Þ,¡Þ,¡Þ,¡Þ,¡Þ,¡Þ,¡Þ,¡Þ,¡Þ,¡Þ,¡Þ,¡Þ,¡Þ,¡Þ,¡Þ,¡Þ,¡Þ,¡Þ,¡Þ,¡Þ,¡Þ,¡Þ,¡Þ,¡Þ,¡Þ,¡Þ,¡Þ,1714,¡Þ,¡Þ,¡Þ,¡Þ,¡Þ,¡Þ,¡Þ,¡Þ,¡Þ,¡Þ,¡Þ,¡Þ,¡Þ,¡Þ,¡Þ,¡Þ,¡Þ,¡Þ,¡Þ,¡Þ,¡Þ,¡Þ,¡Þ,¡Þ,¡Þ,¡Þ,¡Þ,¡Þ,¡Þ,¡Þ,¡Þ,¡Þ,¡Þ,¡Þ,¡Þ,¡Þ,¡Þ,¡Þ,¡Þ,¡Þ,¡Þ,¡Þ,¡Þ,¡Þ,¡Þ,¡Þ,¡Þ,¡Þ,¡Þ,¡Þ,¡Þ,¡Þ,¡Þ,¡Þ,¡Þ,¡Þ,¡Þ,¡Þ,¡Þ,¡Þ,¡Þ,¡Þ,¡Þ,¡Þ,¡Þ,¡Þ,781,¡Þ,¡Þ,¡Þ,¡Þ,¡Þ,¡Þ,¡Þ,¡Þ,¡Þ,¡Þ,¡Þ,¡Þ,¡Þ,¡Þ,¡Þ,¡Þ,¡Þ,¡Þ,¡Þ,¡Þ,¡Þ,¡Þ,¡Þ,¡Þ,¡Þ,¡Þ,¡Þ,¡Þ,¡Þ,¡Þ,¡Þ,¡Þ,¡Þ,¡Þ,¡Þ,¡Þ,¡Þ,¡Þ,¡Þ,¡Þ,¡Þ,¡Þ,
¡Þ,¡Þ,¡Þ,¡Þ,1343,¡Þ,¡Þ,¡Þ,¡Þ,¡Þ,¡Þ,¡Þ,¡Þ,¡Þ,¡Þ,¡Þ,¡Þ,¡Þ,¡Þ,¡Þ,¡Þ,¡Þ,¡Þ,¡Þ,¡Þ,¡Þ,¡Þ,¡Þ,¡Þ,¡Þ,¡Þ,¡Þ,¡Þ,¡Þ,¡Þ,¡Þ,¡Þ,¡Þ,¡Þ,¡Þ,¡Þ,¡Þ,¡Þ,¡Þ,¡Þ,¡Þ,¡Þ,¡Þ,¡Þ,¡Þ,¡Þ,¡Þ,¡Þ,¡Þ,¡Þ,¡Þ,¡Þ,¡Þ,¡Þ,¡Þ,¡Þ,¡Þ,¡Þ,¡Þ,¡Þ,¡Þ,¡Þ,¡Þ,¡Þ,¡Þ,¡Þ,¡Þ,¡Þ,¡Þ,¡Þ,¡Þ,¡Þ,¡Þ,¡Þ,¡Þ,¡Þ,¡Þ,¡Þ,¡Þ,¡Þ,¡Þ,¡Þ,¡Þ,¡Þ,¡Þ,¡Þ,¡Þ,¡Þ,¡Þ,¡Þ,¡Þ,¡Þ,¡Þ,¡Þ,¡Þ,¡Þ,¡Þ,¡Þ,¡Þ,¡Þ,¡Þ,¡Þ,¡Þ,¡Þ,¡Þ,¡Þ,¡Þ,¡Þ,¡Þ,¡Þ,¡Þ,¡Þ,¡Þ,¡Þ,¡Þ,1145,¡Þ,¡Þ,¡Þ,¡Þ,¡Þ,¡Þ,¡Þ,¡Þ,¡Þ,¡Þ,¡Þ,¡Þ,¡Þ,¡Þ,¡Þ,¡Þ,¡Þ,¡Þ,¡Þ,¡Þ,¡Þ,¡Þ,¡Þ,¡Þ,¡Þ,¡Þ,¡Þ,¡Þ,¡Þ,¡Þ,¡Þ,¡Þ,¡Þ,¡Þ,¡Þ,¡Þ,¡Þ,¡Þ,¡Þ,¡Þ,¡Þ,¡Þ,¡Þ,¡Þ,¡Þ,¡Þ,
¡Þ,¡Þ,¡Þ,¡Þ,¡Þ,¡Þ,¡Þ,¡Þ,¡Þ,¡Þ,¡Þ,¡Þ,¡Þ,¡Þ,¡Þ,¡Þ,¡Þ,¡Þ,¡Þ,¡Þ,¡Þ,¡Þ,¡Þ,¡Þ,¡Þ,¡Þ,¡Þ,¡Þ,¡Þ,¡Þ,¡Þ,¡Þ,562,¡Þ,¡Þ,¡Þ,¡Þ,¡Þ,¡Þ,¡Þ,¡Þ,¡Þ,¡Þ,¡Þ,¡Þ,¡Þ,¡Þ,¡Þ,¡Þ,¡Þ,¡Þ,¡Þ,¡Þ,¡Þ,¡Þ,¡Þ,¡Þ,¡Þ,¡Þ,¡Þ,¡Þ,¡Þ,¡Þ,¡Þ,¡Þ,¡Þ,654,¡Þ,¡Þ,¡Þ,¡Þ,¡Þ,¡Þ,¡Þ,¡Þ,¡Þ,¡Þ,¡Þ,¡Þ,¡Þ,¡Þ,¡Þ,¡Þ,¡Þ,¡Þ,¡Þ,¡Þ,¡Þ,¡Þ,¡Þ,¡Þ,¡Þ,¡Þ,¡Þ,¡Þ,¡Þ,¡Þ,¡Þ,¡Þ,¡Þ,¡Þ,¡Þ,¡Þ,¡Þ,¡Þ,¡Þ,¡Þ,¡Þ,¡Þ,¡Þ,¡Þ,¡Þ,¡Þ,¡Þ,¡Þ,¡Þ,¡Þ,¡Þ,¡Þ,¡Þ,¡Þ,¡Þ,1207,¡Þ,¡Þ,¡Þ,¡Þ,¡Þ,¡Þ,¡Þ,¡Þ,¡Þ,¡Þ,¡Þ,¡Þ,¡Þ,¡Þ,¡Þ,¡Þ,¡Þ,¡Þ,¡Þ,¡Þ,¡Þ,¡Þ,¡Þ,¡Þ,¡Þ,¡Þ,¡Þ,1775,¡Þ,¡Þ,¡Þ,¡Þ,¡Þ,¡Þ,¡Þ,¡Þ,¡Þ,¡Þ,¡Þ,¡Þ,¡Þ,¡Þ,¡Þ,¡Þ,
¡Þ,¡Þ,¡Þ,¡Þ,¡Þ,¡Þ,¡Þ,¡Þ,¡Þ,¡Þ,¡Þ,¡Þ,¡Þ,¡Þ,¡Þ,¡Þ,¡Þ,¡Þ,¡Þ,¡Þ,¡Þ,¡Þ,¡Þ,¡Þ,¡Þ,¡Þ,¡Þ,¡Þ,¡Þ,¡Þ,¡Þ,¡Þ,¡Þ,¡Þ,¡Þ,¡Þ,¡Þ,¡Þ,¡Þ,¡Þ,¡Þ,¡Þ,¡Þ,¡Þ,¡Þ,¡Þ,¡Þ,¡Þ,¡Þ,¡Þ,¡Þ,¡Þ,¡Þ,¡Þ,3330,¡Þ,¡Þ,¡Þ,¡Þ,¡Þ,¡Þ,¡Þ,¡Þ,¡Þ,¡Þ,¡Þ,¡Þ,¡Þ,¡Þ,¡Þ,¡Þ,¡Þ,¡Þ,¡Þ,¡Þ,¡Þ,¡Þ,¡Þ,¡Þ,¡Þ,¡Þ,¡Þ,¡Þ,¡Þ,¡Þ,¡Þ,¡Þ,¡Þ,¡Þ,¡Þ,¡Þ,¡Þ,¡Þ,¡Þ,¡Þ,¡Þ,¡Þ,¡Þ,¡Þ,¡Þ,¡Þ,¡Þ,¡Þ,¡Þ,¡Þ,¡Þ,¡Þ,¡Þ,¡Þ,¡Þ,¡Þ,¡Þ,¡Þ,¡Þ,¡Þ,¡Þ,¡Þ,¡Þ,¡Þ,¡Þ,¡Þ,¡Þ,¡Þ,¡Þ,¡Þ,¡Þ,¡Þ,¡Þ,¡Þ,¡Þ,¡Þ,¡Þ,¡Þ,¡Þ,¡Þ,¡Þ,¡Þ,¡Þ,¡Þ,¡Þ,¡Þ,¡Þ,¡Þ,3282,¡Þ,¡Þ,¡Þ,¡Þ,¡Þ,¡Þ,¡Þ,¡Þ,¡Þ,¡Þ,¡Þ,¡Þ,¡Þ,¡Þ,¡Þ,¡Þ,¡Þ,¡Þ,¡Þ,¡Þ,¡Þ,¡Þ,¡Þ,
¡Þ,¡Þ,¡Þ,¡Þ,¡Þ,¡Þ,¡Þ,¡Þ,¡Þ,¡Þ,¡Þ,¡Þ,¡Þ,¡Þ,¡Þ,¡Þ,¡Þ,¡Þ,¡Þ,¡Þ,¡Þ,¡Þ,¡Þ,¡Þ,¡Þ,¡Þ,¡Þ,¡Þ,¡Þ,¡Þ,¡Þ,¡Þ,¡Þ,¡Þ,¡Þ,¡Þ,¡Þ,¡Þ,¡Þ,¡Þ,¡Þ,¡Þ,¡Þ,¡Þ,¡Þ,¡Þ,¡Þ,¡Þ,¡Þ,¡Þ,¡Þ,¡Þ,¡Þ,¡Þ,¡Þ,¡Þ,¡Þ,¡Þ,¡Þ,¡Þ,¡Þ,¡Þ,¡Þ,¡Þ,¡Þ,¡Þ,¡Þ,¡Þ,¡Þ,¡Þ,¡Þ,¡Þ,¡Þ,¡Þ,639,¡Þ,¡Þ,¡Þ,¡Þ,¡Þ,¡Þ,¡Þ,¡Þ,¡Þ,¡Þ,¡Þ,¡Þ,¡Þ,816,¡Þ,¡Þ,¡Þ,¡Þ,¡Þ,¡Þ,¡Þ,¡Þ,¡Þ,¡Þ,¡Þ,¡Þ,¡Þ,¡Þ,¡Þ,¡Þ,¡Þ,¡Þ,¡Þ,¡Þ,¡Þ,¡Þ,¡Þ,¡Þ,¡Þ,¡Þ,¡Þ,¡Þ,¡Þ,¡Þ,¡Þ,¡Þ,¡Þ,¡Þ,¡Þ,¡Þ,¡Þ,¡Þ,¡Þ,¡Þ,¡Þ,¡Þ,¡Þ,¡Þ,¡Þ,¡Þ,¡Þ,¡Þ,¡Þ,¡Þ,¡Þ,¡Þ,¡Þ,¡Þ,¡Þ,¡Þ,¡Þ,¡Þ,¡Þ,¡Þ,¡Þ,¡Þ,¡Þ,¡Þ,¡Þ,¡Þ,¡Þ,¡Þ,¡Þ,¡Þ,¡Þ,¡Þ,¡Þ,¡Þ,¡Þ,¡Þ,¡Þ,¡Þ,
¡Þ,¡Þ,¡Þ,¡Þ,¡Þ,¡Þ,¡Þ,¡Þ,¡Þ,¡Þ,¡Þ,¡Þ,¡Þ,¡Þ,¡Þ,¡Þ,¡Þ,¡Þ,¡Þ,¡Þ,¡Þ,¡Þ,¡Þ,¡Þ,¡Þ,¡Þ,¡Þ,¡Þ,¡Þ,¡Þ,¡Þ,¡Þ,¡Þ,¡Þ,¡Þ,¡Þ,¡Þ,¡Þ,¡Þ,¡Þ,¡Þ,¡Þ,¡Þ,¡Þ,¡Þ,¡Þ,¡Þ,¡Þ,¡Þ,¡Þ,¡Þ,¡Þ,¡Þ,¡Þ,¡Þ,¡Þ,¡Þ,¡Þ,¡Þ,¡Þ,¡Þ,¡Þ,¡Þ,¡Þ,¡Þ,¡Þ,¡Þ,¡Þ,¡Þ,¡Þ,¡Þ,¡Þ,¡Þ,¡Þ,¡Þ,¡Þ,¡Þ,¡Þ,¡Þ,¡Þ,¡Þ,¡Þ,¡Þ,¡Þ,¡Þ,¡Þ,¡Þ,¡Þ,¡Þ,¡Þ,¡Þ,¡Þ,¡Þ,¡Þ,¡Þ,¡Þ,¡Þ,¡Þ,¡Þ,¡Þ,¡Þ,¡Þ,¡Þ,¡Þ,¡Þ,¡Þ,¡Þ,¡Þ,¡Þ,¡Þ,¡Þ,¡Þ,¡Þ,¡Þ,¡Þ,1029,¡Þ,¡Þ,¡Þ,¡Þ,¡Þ,¡Þ,¡Þ,¡Þ,¡Þ,¡Þ,¡Þ,649,¡Þ,¡Þ,¡Þ,¡Þ,¡Þ,¡Þ,¡Þ,¡Þ,¡Þ,¡Þ,¡Þ,¡Þ,¡Þ,¡Þ,¡Þ,¡Þ,¡Þ,¡Þ,¡Þ,¡Þ,¡Þ,¡Þ,¡Þ,¡Þ,¡Þ,¡Þ,¡Þ,¡Þ,¡Þ,¡Þ,¡Þ,¡Þ,¡Þ,¡Þ,¡Þ,¡Þ,¡Þ,¡Þ,¡Þ,
¡Þ,¡Þ,¡Þ,¡Þ,¡Þ,¡Þ,¡Þ,¡Þ,¡Þ,¡Þ,¡Þ,¡Þ,¡Þ,¡Þ,¡Þ,¡Þ,¡Þ,¡Þ,¡Þ,¡Þ,¡Þ,¡Þ,¡Þ,¡Þ,¡Þ,¡Þ,¡Þ,1025,¡Þ,¡Þ,¡Þ,¡Þ,¡Þ,¡Þ,¡Þ,¡Þ,¡Þ,¡Þ,¡Þ,¡Þ,¡Þ,¡Þ,¡Þ,¡Þ,¡Þ,¡Þ,¡Þ,¡Þ,¡Þ,¡Þ,¡Þ,¡Þ,¡Þ,¡Þ,¡Þ,¡Þ,¡Þ,¡Þ,¡Þ,¡Þ,¡Þ,¡Þ,¡Þ,¡Þ,¡Þ,¡Þ,¡Þ,¡Þ,¡Þ,¡Þ,¡Þ,¡Þ,¡Þ,¡Þ,¡Þ,¡Þ,¡Þ,¡Þ,¡Þ,¡Þ,¡Þ,¡Þ,¡Þ,¡Þ,¡Þ,¡Þ,¡Þ,¡Þ,¡Þ,¡Þ,¡Þ,¡Þ,¡Þ,¡Þ,¡Þ,¡Þ,¡Þ,¡Þ,¡Þ,¡Þ,¡Þ,¡Þ,¡Þ,¡Þ,¡Þ,¡Þ,¡Þ,¡Þ,¡Þ,¡Þ,¡Þ,¡Þ,¡Þ,¡Þ,¡Þ,¡Þ,¡Þ,¡Þ,¡Þ,¡Þ,¡Þ,¡Þ,¡Þ,¡Þ,¡Þ,¡Þ,¡Þ,¡Þ,¡Þ,¡Þ,¡Þ,¡Þ,¡Þ,¡Þ,¡Þ,¡Þ,¡Þ,¡Þ,733,¡Þ,¡Þ,¡Þ,¡Þ,¡Þ,¡Þ,¡Þ,¡Þ,¡Þ,¡Þ,¡Þ,¡Þ,¡Þ,¡Þ,¡Þ,¡Þ,¡Þ,¡Þ,¡Þ,¡Þ,¡Þ,¡Þ,¡Þ,¡Þ,¡Þ,¡Þ,¡Þ,¡Þ,
¡Þ,¡Þ,¡Þ,¡Þ,¡Þ,¡Þ,¡Þ,¡Þ,¡Þ,¡Þ,¡Þ,¡Þ,¡Þ,¡Þ,¡Þ,¡Þ,¡Þ,¡Þ,¡Þ,¡Þ,¡Þ,¡Þ,¡Þ,¡Þ,¡Þ,1479,¡Þ,¡Þ,¡Þ,¡Þ,¡Þ,¡Þ,¡Þ,¡Þ,¡Þ,¡Þ,¡Þ,¡Þ,¡Þ,¡Þ,¡Þ,¡Þ,¡Þ,¡Þ,¡Þ,¡Þ,¡Þ,¡Þ,¡Þ,¡Þ,¡Þ,¡Þ,¡Þ,¡Þ,¡Þ,¡Þ,¡Þ,¡Þ,¡Þ,¡Þ,¡Þ,¡Þ,¡Þ,¡Þ,¡Þ,¡Þ,¡Þ,¡Þ,¡Þ,¡Þ,¡Þ,¡Þ,¡Þ,¡Þ,¡Þ,¡Þ,¡Þ,¡Þ,¡Þ,¡Þ,¡Þ,¡Þ,¡Þ,¡Þ,¡Þ,¡Þ,¡Þ,¡Þ,¡Þ,¡Þ,¡Þ,¡Þ,¡Þ,¡Þ,¡Þ,¡Þ,¡Þ,¡Þ,¡Þ,¡Þ,¡Þ,¡Þ,¡Þ,¡Þ,¡Þ,¡Þ,¡Þ,¡Þ,¡Þ,¡Þ,¡Þ,¡Þ,¡Þ,¡Þ,¡Þ,¡Þ,¡Þ,¡Þ,¡Þ,¡Þ,¡Þ,¡Þ,¡Þ,¡Þ,¡Þ,¡Þ,¡Þ,¡Þ,¡Þ,¡Þ,¡Þ,¡Þ,¡Þ,¡Þ,¡Þ,¡Þ,¡Þ,¡Þ,¡Þ,¡Þ,¡Þ,¡Þ,¡Þ,¡Þ,¡Þ,¡Þ,¡Þ,¡Þ,¡Þ,¡Þ,¡Þ,¡Þ,¡Þ,¡Þ,¡Þ,¡Þ,¡Þ,¡Þ,¡Þ,¡Þ,1719,¡Þ,¡Þ,¡Þ,¡Þ,¡Þ,¡Þ,
¡Þ,¡Þ,¡Þ,¡Þ,¡Þ,¡Þ,¡Þ,¡Þ,¡Þ,¡Þ,¡Þ,¡Þ,¡Þ,¡Þ,¡Þ,¡Þ,¡Þ,¡Þ,¡Þ,¡Þ,¡Þ,¡Þ,¡Þ,¡Þ,¡Þ,¡Þ,¡Þ,¡Þ,¡Þ,¡Þ,¡Þ,¡Þ,¡Þ,¡Þ,¡Þ,¡Þ,¡Þ,¡Þ,¡Þ,¡Þ,¡Þ,¡Þ,¡Þ,¡Þ,¡Þ,¡Þ,¡Þ,¡Þ,¡Þ,¡Þ,¡Þ,¡Þ,¡Þ,¡Þ,¡Þ,¡Þ,¡Þ,¡Þ,¡Þ,¡Þ,¡Þ,¡Þ,¡Þ,¡Þ,¡Þ,¡Þ,¡Þ,¡Þ,¡Þ,¡Þ,¡Þ,¡Þ,¡Þ,¡Þ,¡Þ,¡Þ,¡Þ,¡Þ,¡Þ,¡Þ,¡Þ,¡Þ,¡Þ,¡Þ,¡Þ,¡Þ,¡Þ,¡Þ,¡Þ,¡Þ,¡Þ,¡Þ,¡Þ,¡Þ,¡Þ,¡Þ,¡Þ,¡Þ,¡Þ,¡Þ,¡Þ,¡Þ,¡Þ,¡Þ,¡Þ,¡Þ,¡Þ,¡Þ,¡Þ,¡Þ,¡Þ,¡Þ,¡Þ,¡Þ,¡Þ,¡Þ,¡Þ,¡Þ,¡Þ,¡Þ,¡Þ,¡Þ,¡Þ,¡Þ,¡Þ,¡Þ,¡Þ,¡Þ,¡Þ,¡Þ,¡Þ,1967,¡Þ,¡Þ,¡Þ,¡Þ,¡Þ,¡Þ,¡Þ,¡Þ,¡Þ,¡Þ,¡Þ,¡Þ,¡Þ,¡Þ,¡Þ,¡Þ,¡Þ,¡Þ,¡Þ,¡Þ,¡Þ,¡Þ,¡Þ,¡Þ,¡Þ,¡Þ,¡Þ,¡Þ,1498,¡Þ,¡Þ,¡Þ,¡Þ,¡Þ,¡Þ,
¡Þ,¡Þ,¡Þ,¡Þ,¡Þ,¡Þ,¡Þ,¡Þ,¡Þ,¡Þ,¡Þ,¡Þ,¡Þ,¡Þ,¡Þ,¡Þ,¡Þ,¡Þ,¡Þ,¡Þ,¡Þ,¡Þ,¡Þ,¡Þ,¡Þ,¡Þ,¡Þ,¡Þ,¡Þ,¡Þ,¡Þ,¡Þ,¡Þ,¡Þ,¡Þ,¡Þ,¡Þ,¡Þ,¡Þ,¡Þ,¡Þ,¡Þ,¡Þ,¡Þ,¡Þ,¡Þ,¡Þ,1077,¡Þ,¡Þ,¡Þ,¡Þ,¡Þ,¡Þ,¡Þ,¡Þ,¡Þ,¡Þ,¡Þ,¡Þ,¡Þ,¡Þ,¡Þ,¡Þ,¡Þ,¡Þ,¡Þ,¡Þ,¡Þ,¡Þ,¡Þ,¡Þ,¡Þ,¡Þ,1493,¡Þ,¡Þ,¡Þ,¡Þ,¡Þ,¡Þ,¡Þ,¡Þ,¡Þ,¡Þ,¡Þ,¡Þ,¡Þ,¡Þ,¡Þ,¡Þ,¡Þ,¡Þ,¡Þ,¡Þ,¡Þ,¡Þ,¡Þ,¡Þ,¡Þ,¡Þ,¡Þ,¡Þ,¡Þ,¡Þ,¡Þ,¡Þ,¡Þ,¡Þ,¡Þ,¡Þ,¡Þ,¡Þ,¡Þ,¡Þ,¡Þ,¡Þ,¡Þ,¡Þ,¡Þ,¡Þ,¡Þ,¡Þ,¡Þ,¡Þ,¡Þ,¡Þ,¡Þ,¡Þ,¡Þ,¡Þ,¡Þ,¡Þ,¡Þ,¡Þ,¡Þ,¡Þ,696,¡Þ,¡Þ,¡Þ,¡Þ,¡Þ,¡Þ,¡Þ,¡Þ,¡Þ,¡Þ,¡Þ,¡Þ,¡Þ,¡Þ,¡Þ,¡Þ,¡Þ,¡Þ,¡Þ,¡Þ,¡Þ,¡Þ,¡Þ,772,¡Þ,¡Þ,¡Þ,¡Þ,¡Þ,
¡Þ,¡Þ,1001,¡Þ,¡Þ,¡Þ,¡Þ,¡Þ,¡Þ,¡Þ,¡Þ,¡Þ,¡Þ,¡Þ,¡Þ,¡Þ,¡Þ,¡Þ,¡Þ,¡Þ,¡Þ,¡Þ,¡Þ,¡Þ,¡Þ,¡Þ,¡Þ,¡Þ,¡Þ,¡Þ,¡Þ,¡Þ,¡Þ,¡Þ,¡Þ,¡Þ,¡Þ,¡Þ,¡Þ,¡Þ,¡Þ,¡Þ,¡Þ,¡Þ,¡Þ,¡Þ,¡Þ,¡Þ,¡Þ,¡Þ,¡Þ,¡Þ,¡Þ,¡Þ,¡Þ,¡Þ,¡Þ,¡Þ,¡Þ,¡Þ,¡Þ,¡Þ,¡Þ,¡Þ,¡Þ,¡Þ,¡Þ,¡Þ,¡Þ,¡Þ,¡Þ,¡Þ,¡Þ,¡Þ,¡Þ,¡Þ,¡Þ,¡Þ,¡Þ,¡Þ,¡Þ,¡Þ,¡Þ,¡Þ,¡Þ,¡Þ,¡Þ,¡Þ,¡Þ,¡Þ,¡Þ,¡Þ,¡Þ,¡Þ,¡Þ,¡Þ,¡Þ,1151,¡Þ,¡Þ,¡Þ,¡Þ,¡Þ,¡Þ,¡Þ,¡Þ,¡Þ,¡Þ,¡Þ,¡Þ,¡Þ,¡Þ,¡Þ,¡Þ,¡Þ,¡Þ,¡Þ,¡Þ,¡Þ,¡Þ,¡Þ,¡Þ,¡Þ,¡Þ,¡Þ,¡Þ,¡Þ,¡Þ,¡Þ,747,¡Þ,¡Þ,¡Þ,¡Þ,¡Þ,¡Þ,¡Þ,¡Þ,¡Þ,¡Þ,¡Þ,¡Þ,¡Þ,¡Þ,¡Þ,¡Þ,¡Þ,¡Þ,¡Þ,¡Þ,¡Þ,¡Þ,¡Þ,¡Þ,¡Þ,¡Þ,¡Þ,¡Þ,¡Þ,¡Þ,¡Þ,672,¡Þ,¡Þ,¡Þ,¡Þ,¡Þ,
¡Þ,¡Þ,¡Þ,¡Þ,¡Þ,¡Þ,¡Þ,¡Þ,¡Þ,¡Þ,¡Þ,¡Þ,¡Þ,¡Þ,¡Þ,¡Þ,¡Þ,¡Þ,¡Þ,¡Þ,¡Þ,¡Þ,¡Þ,¡Þ,¡Þ,¡Þ,¡Þ,¡Þ,¡Þ,¡Þ,¡Þ,¡Þ,¡Þ,¡Þ,¡Þ,¡Þ,¡Þ,¡Þ,¡Þ,¡Þ,¡Þ,¡Þ,¡Þ,¡Þ,¡Þ,1077,¡Þ,¡Þ,¡Þ,¡Þ,¡Þ,¡Þ,¡Þ,¡Þ,¡Þ,¡Þ,¡Þ,¡Þ,¡Þ,¡Þ,¡Þ,¡Þ,¡Þ,¡Þ,¡Þ,¡Þ,¡Þ,¡Þ,¡Þ,¡Þ,¡Þ,¡Þ,¡Þ,¡Þ,¡Þ,¡Þ,¡Þ,¡Þ,¡Þ,¡Þ,¡Þ,¡Þ,¡Þ,¡Þ,¡Þ,¡Þ,¡Þ,786,¡Þ,¡Þ,¡Þ,¡Þ,¡Þ,¡Þ,¡Þ,¡Þ,¡Þ,¡Þ,¡Þ,¡Þ,¡Þ,¡Þ,¡Þ,¡Þ,¡Þ,¡Þ,¡Þ,¡Þ,¡Þ,¡Þ,¡Þ,¡Þ,¡Þ,¡Þ,¡Þ,¡Þ,¡Þ,¡Þ,¡Þ,¡Þ,¡Þ,¡Þ,¡Þ,¡Þ,¡Þ,¡Þ,¡Þ,¡Þ,¡Þ,¡Þ,¡Þ,¡Þ,¡Þ,¡Þ,¡Þ,¡Þ,¡Þ,¡Þ,¡Þ,¡Þ,¡Þ,¡Þ,¡Þ,¡Þ,¡Þ,¡Þ,¡Þ,¡Þ,¡Þ,¡Þ,¡Þ,¡Þ,¡Þ,¡Þ,¡Þ,¡Þ,¡Þ,¡Þ,¡Þ,¡Þ,¡Þ,¡Þ,¡Þ,¡Þ,¡Þ,¡Þ,¡Þ,
¡Þ,¡Þ,¡Þ,¡Þ,¡Þ,¡Þ,¡Þ,¡Þ,¡Þ,¡Þ,¡Þ,¡Þ,¡Þ,¡Þ,¡Þ,¡Þ,¡Þ,¡Þ,¡Þ,¡Þ,¡Þ,¡Þ,¡Þ,¡Þ,¡Þ,¡Þ,¡Þ,¡Þ,¡Þ,¡Þ,¡Þ,¡Þ,¡Þ,¡Þ,¡Þ,¡Þ,¡Þ,¡Þ,¡Þ,¡Þ,¡Þ,¡Þ,¡Þ,¡Þ,¡Þ,¡Þ,¡Þ,¡Þ,¡Þ,¡Þ,¡Þ,¡Þ,¡Þ,¡Þ,¡Þ,¡Þ,¡Þ,¡Þ,¡Þ,¡Þ,¡Þ,¡Þ,¡Þ,¡Þ,¡Þ,¡Þ,¡Þ,¡Þ,¡Þ,¡Þ,¡Þ,¡Þ,¡Þ,¡Þ,¡Þ,¡Þ,¡Þ,¡Þ,¡Þ,¡Þ,¡Þ,¡Þ,¡Þ,¡Þ,¡Þ,¡Þ,¡Þ,¡Þ,¡Þ,¡Þ,¡Þ,¡Þ,¡Þ,¡Þ,¡Þ,¡Þ,¡Þ,¡Þ,¡Þ,¡Þ,¡Þ,¡Þ,¡Þ,¡Þ,¡Þ,¡Þ,¡Þ,¡Þ,¡Þ,¡Þ,¡Þ,¡Þ,¡Þ,2000,¡Þ,¡Þ,¡Þ,¡Þ,¡Þ,1459,¡Þ,¡Þ,¡Þ,¡Þ,¡Þ,¡Þ,¡Þ,¡Þ,¡Þ,¡Þ,¡Þ,¡Þ,¡Þ,¡Þ,¡Þ,¡Þ,¡Þ,¡Þ,¡Þ,¡Þ,¡Þ,¡Þ,¡Þ,¡Þ,¡Þ,¡Þ,¡Þ,¡Þ,¡Þ,¡Þ,¡Þ,¡Þ,¡Þ,¡Þ,¡Þ,¡Þ,¡Þ,¡Þ,¡Þ,¡Þ,¡Þ,¡Þ,¡Þ,¡Þ,¡Þ,¡Þ,¡Þ,
¡Þ,¡Þ,¡Þ,¡Þ,¡Þ,¡Þ,¡Þ,¡Þ,¡Þ,¡Þ,¡Þ,¡Þ,¡Þ,¡Þ,¡Þ,¡Þ,¡Þ,¡Þ,¡Þ,¡Þ,¡Þ,¡Þ,¡Þ,¡Þ,¡Þ,¡Þ,¡Þ,¡Þ,¡Þ,¡Þ,¡Þ,¡Þ,¡Þ,¡Þ,¡Þ,¡Þ,¡Þ,¡Þ,¡Þ,¡Þ,¡Þ,¡Þ,¡Þ,¡Þ,¡Þ,¡Þ,¡Þ,¡Þ,¡Þ,¡Þ,¡Þ,¡Þ,¡Þ,¡Þ,¡Þ,¡Þ,¡Þ,¡Þ,¡Þ,¡Þ,¡Þ,¡Þ,¡Þ,¡Þ,¡Þ,¡Þ,¡Þ,¡Þ,¡Þ,¡Þ,¡Þ,¡Þ,¡Þ,2306,¡Þ,¡Þ,¡Þ,¡Þ,¡Þ,¡Þ,¡Þ,¡Þ,¡Þ,¡Þ,¡Þ,¡Þ,¡Þ,¡Þ,¡Þ,¡Þ,¡Þ,¡Þ,¡Þ,¡Þ,¡Þ,¡Þ,¡Þ,¡Þ,¡Þ,¡Þ,¡Þ,¡Þ,¡Þ,¡Þ,¡Þ,¡Þ,¡Þ,¡Þ,¡Þ,¡Þ,¡Þ,¡Þ,¡Þ,¡Þ,¡Þ,¡Þ,¡Þ,¡Þ,¡Þ,¡Þ,¡Þ,¡Þ,¡Þ,1787,¡Þ,¡Þ,¡Þ,¡Þ,¡Þ,¡Þ,¡Þ,¡Þ,¡Þ,¡Þ,¡Þ,¡Þ,¡Þ,¡Þ,¡Þ,¡Þ,¡Þ,¡Þ,¡Þ,¡Þ,¡Þ,¡Þ,¡Þ,¡Þ,¡Þ,¡Þ,¡Þ,¡Þ,¡Þ,¡Þ,¡Þ,¡Þ,¡Þ,¡Þ,¡Þ,¡Þ,¡Þ,¡Þ,¡Þ,¡Þ,¡Þ,¡Þ,¡Þ,
¡Þ,¡Þ,¡Þ,¡Þ,¡Þ,¡Þ,¡Þ,¡Þ,¡Þ,¡Þ,¡Þ,¡Þ,¡Þ,¡Þ,¡Þ,¡Þ,¡Þ,5716,¡Þ,¡Þ,¡Þ,¡Þ,¡Þ,¡Þ,¡Þ,¡Þ,¡Þ,¡Þ,¡Þ,¡Þ,¡Þ,¡Þ,¡Þ,¡Þ,¡Þ,¡Þ,¡Þ,¡Þ,¡Þ,¡Þ,¡Þ,¡Þ,¡Þ,¡Þ,¡Þ,¡Þ,¡Þ,¡Þ,¡Þ,¡Þ,¡Þ,¡Þ,¡Þ,3208,¡Þ,¡Þ,¡Þ,¡Þ,¡Þ,¡Þ,¡Þ,¡Þ,¡Þ,¡Þ,¡Þ,¡Þ,¡Þ,¡Þ,¡Þ,¡Þ,¡Þ,¡Þ,¡Þ,¡Þ,¡Þ,¡Þ,¡Þ,¡Þ,¡Þ,¡Þ,¡Þ,¡Þ,¡Þ,¡Þ,¡Þ,¡Þ,¡Þ,¡Þ,¡Þ,¡Þ,¡Þ,¡Þ,¡Þ,¡Þ,¡Þ,¡Þ,¡Þ,¡Þ,¡Þ,¡Þ,¡Þ,¡Þ,¡Þ,¡Þ,¡Þ,¡Þ,¡Þ,¡Þ,¡Þ,¡Þ,¡Þ,¡Þ,¡Þ,¡Þ,¡Þ,¡Þ,¡Þ,707,¡Þ,¡Þ,¡Þ,¡Þ,¡Þ,¡Þ,¡Þ,¡Þ,¡Þ,¡Þ,¡Þ,¡Þ,¡Þ,¡Þ,¡Þ,¡Þ,¡Þ,¡Þ,¡Þ,¡Þ,¡Þ,¡Þ,¡Þ,¡Þ,¡Þ,¡Þ,¡Þ,¡Þ,¡Þ,¡Þ,¡Þ,¡Þ,¡Þ,¡Þ,¡Þ,¡Þ,¡Þ,¡Þ,¡Þ,¡Þ,¡Þ,¡Þ,¡Þ,¡Þ,¡Þ,¡Þ,¡Þ,¡Þ,¡Þ,
¡Þ,¡Þ,¡Þ,¡Þ,¡Þ,¡Þ,¡Þ,¡Þ,¡Þ,¡Þ,¡Þ,¡Þ,¡Þ,¡Þ,¡Þ,¡Þ,¡Þ,¡Þ,¡Þ,¡Þ,¡Þ,¡Þ,¡Þ,¡Þ,¡Þ,¡Þ,¡Þ,¡Þ,¡Þ,¡Þ,¡Þ,¡Þ,¡Þ,¡Þ,¡Þ,¡Þ,¡Þ,¡Þ,¡Þ,¡Þ,¡Þ,¡Þ,¡Þ,¡Þ,¡Þ,¡Þ,¡Þ,¡Þ,¡Þ,¡Þ,¡Þ,¡Þ,¡Þ,¡Þ,¡Þ,¡Þ,¡Þ,¡Þ,¡Þ,¡Þ,¡Þ,¡Þ,¡Þ,¡Þ,¡Þ,¡Þ,¡Þ,¡Þ,¡Þ,¡Þ,¡Þ,¡Þ,¡Þ,¡Þ,¡Þ,¡Þ,¡Þ,¡Þ,¡Þ,¡Þ,¡Þ,¡Þ,¡Þ,¡Þ,¡Þ,¡Þ,¡Þ,¡Þ,¡Þ,¡Þ,¡Þ,¡Þ,¡Þ,¡Þ,¡Þ,¡Þ,¡Þ,¡Þ,¡Þ,¡Þ,¡Þ,¡Þ,¡Þ,¡Þ,¡Þ,¡Þ,¡Þ,¡Þ,¡Þ,¡Þ,¡Þ,¡Þ,¡Þ,¡Þ,¡Þ,¡Þ,¡Þ,¡Þ,¡Þ,¡Þ,¡Þ,¡Þ,¡Þ,¡Þ,¡Þ,¡Þ,¡Þ,¡Þ,¡Þ,1296,¡Þ,¡Þ,¡Þ,¡Þ,¡Þ,¡Þ,766,¡Þ,¡Þ,¡Þ,¡Þ,¡Þ,¡Þ,¡Þ,¡Þ,¡Þ,¡Þ,¡Þ,¡Þ,¡Þ,¡Þ,¡Þ,¡Þ,¡Þ,¡Þ,¡Þ,¡Þ,¡Þ,¡Þ,¡Þ,¡Þ,¡Þ,¡Þ,¡Þ,¡Þ,¡Þ,¡Þ,
¡Þ,¡Þ,¡Þ,¡Þ,¡Þ,¡Þ,¡Þ,¡Þ,¡Þ,¡Þ,¡Þ,¡Þ,¡Þ,¡Þ,¡Þ,¡Þ,¡Þ,¡Þ,¡Þ,¡Þ,¡Þ,¡Þ,¡Þ,¡Þ,¡Þ,¡Þ,¡Þ,¡Þ,¡Þ,¡Þ,¡Þ,¡Þ,¡Þ,¡Þ,¡Þ,¡Þ,¡Þ,¡Þ,¡Þ,¡Þ,¡Þ,¡Þ,¡Þ,¡Þ,¡Þ,¡Þ,¡Þ,¡Þ,¡Þ,¡Þ,¡Þ,¡Þ,¡Þ,¡Þ,¡Þ,¡Þ,¡Þ,¡Þ,¡Þ,¡Þ,¡Þ,¡Þ,¡Þ,¡Þ,¡Þ,¡Þ,¡Þ,¡Þ,¡Þ,¡Þ,¡Þ,¡Þ,¡Þ,¡Þ,¡Þ,¡Þ,¡Þ,¡Þ,¡Þ,¡Þ,860,¡Þ,¡Þ,¡Þ,¡Þ,¡Þ,¡Þ,¡Þ,¡Þ,¡Þ,¡Þ,¡Þ,¡Þ,¡Þ,¡Þ,¡Þ,¡Þ,¡Þ,¡Þ,¡Þ,¡Þ,¡Þ,¡Þ,¡Þ,¡Þ,¡Þ,¡Þ,¡Þ,¡Þ,¡Þ,¡Þ,¡Þ,¡Þ,¡Þ,¡Þ,¡Þ,¡Þ,¡Þ,¡Þ,¡Þ,¡Þ,¡Þ,¡Þ,¡Þ,¡Þ,¡Þ,¡Þ,¡Þ,¡Þ,¡Þ,¡Þ,¡Þ,¡Þ,¡Þ,¡Þ,¡Þ,¡Þ,¡Þ,¡Þ,¡Þ,¡Þ,¡Þ,¡Þ,¡Þ,¡Þ,¡Þ,¡Þ,¡Þ,¡Þ,¡Þ,¡Þ,¡Þ,¡Þ,¡Þ,1143,¡Þ,¡Þ,¡Þ,¡Þ,¡Þ,¡Þ,¡Þ,¡Þ,¡Þ,¡Þ,¡Þ,¡Þ,
¡Þ,¡Þ,¡Þ,¡Þ,¡Þ,¡Þ,¡Þ,¡Þ,¡Þ,¡Þ,¡Þ,¡Þ,¡Þ,¡Þ,¡Þ,¡Þ,¡Þ,¡Þ,¡Þ,¡Þ,¡Þ,¡Þ,¡Þ,¡Þ,¡Þ,¡Þ,¡Þ,964,¡Þ,¡Þ,¡Þ,¡Þ,¡Þ,¡Þ,¡Þ,¡Þ,¡Þ,¡Þ,¡Þ,¡Þ,¡Þ,¡Þ,¡Þ,¡Þ,¡Þ,¡Þ,¡Þ,¡Þ,¡Þ,¡Þ,3208,¡Þ,¡Þ,¡Þ,¡Þ,¡Þ,¡Þ,¡Þ,¡Þ,¡Þ,¡Þ,¡Þ,¡Þ,¡Þ,¡Þ,¡Þ,¡Þ,¡Þ,¡Þ,¡Þ,¡Þ,¡Þ,¡Þ,1324,¡Þ,¡Þ,¡Þ,¡Þ,¡Þ,¡Þ,¡Þ,¡Þ,¡Þ,¡Þ,¡Þ,¡Þ,¡Þ,¡Þ,¡Þ,¡Þ,¡Þ,¡Þ,¡Þ,¡Þ,¡Þ,¡Þ,1968,¡Þ,¡Þ,¡Þ,¡Þ,¡Þ,¡Þ,¡Þ,¡Þ,¡Þ,¡Þ,¡Þ,¡Þ,¡Þ,¡Þ,¡Þ,¡Þ,¡Þ,¡Þ,¡Þ,¡Þ,¡Þ,¡Þ,¡Þ,¡Þ,¡Þ,¡Þ,¡Þ,¡Þ,¡Þ,¡Þ,¡Þ,¡Þ,¡Þ,¡Þ,¡Þ,¡Þ,¡Þ,¡Þ,¡Þ,¡Þ,¡Þ,¡Þ,¡Þ,¡Þ,¡Þ,¡Þ,¡Þ,¡Þ,¡Þ,¡Þ,¡Þ,¡Þ,¡Þ,¡Þ,¡Þ,¡Þ,¡Þ,¡Þ,¡Þ,¡Þ,¡Þ,¡Þ,¡Þ,¡Þ,¡Þ,¡Þ,¡Þ,¡Þ,¡Þ,¡Þ,
¡Þ,¡Þ,¡Þ,¡Þ,¡Þ,¡Þ,¡Þ,¡Þ,¡Þ,¡Þ,¡Þ,¡Þ,¡Þ,¡Þ,¡Þ,¡Þ,¡Þ,¡Þ,¡Þ,¡Þ,¡Þ,¡Þ,¡Þ,¡Þ,¡Þ,¡Þ,¡Þ,¡Þ,¡Þ,¡Þ,¡Þ,¡Þ,¡Þ,¡Þ,¡Þ,¡Þ,¡Þ,¡Þ,¡Þ,3330,¡Þ,¡Þ,¡Þ,¡Þ,¡Þ,¡Þ,¡Þ,¡Þ,¡Þ,¡Þ,¡Þ,¡Þ,¡Þ,¡Þ,¡Þ,¡Þ,¡Þ,¡Þ,¡Þ,¡Þ,¡Þ,¡Þ,¡Þ,¡Þ,¡Þ,¡Þ,¡Þ,¡Þ,¡Þ,2432,¡Þ,¡Þ,¡Þ,¡Þ,¡Þ,¡Þ,¡Þ,¡Þ,¡Þ,¡Þ,¡Þ,¡Þ,¡Þ,¡Þ,¡Þ,¡Þ,¡Þ,¡Þ,¡Þ,¡Þ,¡Þ,¡Þ,¡Þ,¡Þ,¡Þ,¡Þ,¡Þ,¡Þ,¡Þ,¡Þ,¡Þ,¡Þ,¡Þ,¡Þ,¡Þ,¡Þ,¡Þ,¡Þ,¡Þ,¡Þ,¡Þ,¡Þ,¡Þ,¡Þ,¡Þ,¡Þ,¡Þ,¡Þ,¡Þ,¡Þ,¡Þ,¡Þ,¡Þ,¡Þ,¡Þ,¡Þ,¡Þ,¡Þ,¡Þ,¡Þ,¡Þ,¡Þ,¡Þ,¡Þ,¡Þ,¡Þ,¡Þ,¡Þ,¡Þ,¡Þ,¡Þ,¡Þ,¡Þ,¡Þ,¡Þ,¡Þ,¡Þ,¡Þ,¡Þ,¡Þ,¡Þ,¡Þ,¡Þ,¡Þ,¡Þ,¡Þ,¡Þ,¡Þ,¡Þ,¡Þ,¡Þ,¡Þ,¡Þ,¡Þ,¡Þ,¡Þ,¡Þ,
¡Þ,¡Þ,¡Þ,¡Þ,¡Þ,¡Þ,¡Þ,¡Þ,¡Þ,¡Þ,¡Þ,¡Þ,¡Þ,¡Þ,¡Þ,¡Þ,¡Þ,¡Þ,¡Þ,¡Þ,¡Þ,¡Þ,¡Þ,¡Þ,¡Þ,¡Þ,¡Þ,¡Þ,¡Þ,¡Þ,¡Þ,¡Þ,¡Þ,¡Þ,¡Þ,¡Þ,¡Þ,¡Þ,¡Þ,¡Þ,¡Þ,¡Þ,¡Þ,¡Þ,¡Þ,¡Þ,¡Þ,¡Þ,¡Þ,¡Þ,¡Þ,¡Þ,¡Þ,¡Þ,¡Þ,¡Þ,¡Þ,¡Þ,¡Þ,¡Þ,¡Þ,¡Þ,¡Þ,¡Þ,¡Þ,¡Þ,¡Þ,¡Þ,¡Þ,¡Þ,¡Þ,¡Þ,¡Þ,¡Þ,¡Þ,¡Þ,¡Þ,¡Þ,¡Þ,¡Þ,¡Þ,¡Þ,¡Þ,¡Þ,¡Þ,¡Þ,¡Þ,¡Þ,¡Þ,¡Þ,¡Þ,¡Þ,¡Þ,¡Þ,¡Þ,¡Þ,¡Þ,¡Þ,¡Þ,¡Þ,¡Þ,¡Þ,¡Þ,¡Þ,¡Þ,¡Þ,¡Þ,2473,¡Þ,¡Þ,¡Þ,¡Þ,¡Þ,¡Þ,¡Þ,¡Þ,¡Þ,¡Þ,¡Þ,¡Þ,¡Þ,¡Þ,¡Þ,¡Þ,¡Þ,¡Þ,¡Þ,¡Þ,2305,¡Þ,¡Þ,¡Þ,¡Þ,¡Þ,¡Þ,¡Þ,¡Þ,¡Þ,¡Þ,¡Þ,¡Þ,¡Þ,¡Þ,¡Þ,¡Þ,¡Þ,¡Þ,¡Þ,¡Þ,¡Þ,¡Þ,¡Þ,¡Þ,¡Þ,¡Þ,¡Þ,¡Þ,¡Þ,¡Þ,¡Þ,¡Þ,¡Þ,¡Þ,¡Þ,¡Þ,¡Þ,¡Þ,
¡Þ,¡Þ,¡Þ,¡Þ,¡Þ,¡Þ,¡Þ,¡Þ,¡Þ,¡Þ,¡Þ,¡Þ,¡Þ,¡Þ,¡Þ,¡Þ,¡Þ,¡Þ,¡Þ,¡Þ,¡Þ,¡Þ,1792,¡Þ,¡Þ,¡Þ,¡Þ,¡Þ,¡Þ,¡Þ,¡Þ,¡Þ,¡Þ,¡Þ,¡Þ,¡Þ,¡Þ,¡Þ,¡Þ,¡Þ,¡Þ,¡Þ,¡Þ,¡Þ,¡Þ,¡Þ,¡Þ,¡Þ,¡Þ,¡Þ,¡Þ,¡Þ,¡Þ,¡Þ,¡Þ,¡Þ,¡Þ,¡Þ,¡Þ,¡Þ,¡Þ,¡Þ,¡Þ,¡Þ,1216,¡Þ,¡Þ,¡Þ,¡Þ,¡Þ,¡Þ,¡Þ,¡Þ,¡Þ,¡Þ,¡Þ,¡Þ,¡Þ,¡Þ,¡Þ,¡Þ,¡Þ,¡Þ,¡Þ,¡Þ,¡Þ,¡Þ,¡Þ,¡Þ,¡Þ,¡Þ,¡Þ,¡Þ,¡Þ,¡Þ,¡Þ,¡Þ,¡Þ,¡Þ,¡Þ,¡Þ,¡Þ,¡Þ,¡Þ,¡Þ,¡Þ,¡Þ,¡Þ,¡Þ,¡Þ,¡Þ,¡Þ,¡Þ,¡Þ,¡Þ,¡Þ,¡Þ,¡Þ,¡Þ,¡Þ,¡Þ,¡Þ,¡Þ,¡Þ,¡Þ,¡Þ,¡Þ,¡Þ,¡Þ,¡Þ,¡Þ,¡Þ,¡Þ,¡Þ,¡Þ,¡Þ,¡Þ,¡Þ,¡Þ,¡Þ,¡Þ,¡Þ,¡Þ,¡Þ,¡Þ,¡Þ,¡Þ,¡Þ,¡Þ,¡Þ,¡Þ,¡Þ,¡Þ,¡Þ,¡Þ,¡Þ,¡Þ,¡Þ,¡Þ,¡Þ,¡Þ,¡Þ,¡Þ,¡Þ,¡Þ,¡Þ,¡Þ,
¡Þ,¡Þ,¡Þ,¡Þ,¡Þ,¡Þ,¡Þ,¡Þ,¡Þ,¡Þ,¡Þ,¡Þ,¡Þ,¡Þ,¡Þ,¡Þ,¡Þ,¡Þ,¡Þ,¡Þ,¡Þ,¡Þ,¡Þ,¡Þ,¡Þ,¡Þ,¡Þ,¡Þ,¡Þ,¡Þ,¡Þ,¡Þ,¡Þ,¡Þ,¡Þ,¡Þ,1714,¡Þ,¡Þ,¡Þ,¡Þ,¡Þ,¡Þ,¡Þ,¡Þ,¡Þ,¡Þ,¡Þ,¡Þ,¡Þ,¡Þ,¡Þ,¡Þ,¡Þ,¡Þ,¡Þ,¡Þ,¡Þ,¡Þ,771,¡Þ,529,¡Þ,¡Þ,¡Þ,¡Þ,¡Þ,¡Þ,¡Þ,¡Þ,¡Þ,¡Þ,¡Þ,¡Þ,¡Þ,¡Þ,¡Þ,¡Þ,¡Þ,¡Þ,¡Þ,¡Þ,¡Þ,¡Þ,¡Þ,¡Þ,¡Þ,¡Þ,¡Þ,¡Þ,¡Þ,¡Þ,¡Þ,¡Þ,¡Þ,¡Þ,¡Þ,¡Þ,¡Þ,¡Þ,¡Þ,¡Þ,¡Þ,¡Þ,¡Þ,¡Þ,¡Þ,¡Þ,¡Þ,¡Þ,¡Þ,¡Þ,¡Þ,¡Þ,¡Þ,¡Þ,¡Þ,¡Þ,¡Þ,¡Þ,¡Þ,¡Þ,¡Þ,¡Þ,¡Þ,¡Þ,¡Þ,¡Þ,¡Þ,¡Þ,¡Þ,¡Þ,¡Þ,¡Þ,¡Þ,¡Þ,¡Þ,¡Þ,¡Þ,¡Þ,¡Þ,¡Þ,¡Þ,¡Þ,¡Þ,¡Þ,¡Þ,¡Þ,¡Þ,¡Þ,¡Þ,¡Þ,¡Þ,¡Þ,¡Þ,790,¡Þ,¡Þ,¡Þ,¡Þ,¡Þ,¡Þ,¡Þ,¡Þ,¡Þ,¡Þ,¡Þ,
¡Þ,¡Þ,¡Þ,¡Þ,¡Þ,¡Þ,¡Þ,¡Þ,¡Þ,¡Þ,¡Þ,¡Þ,¡Þ,¡Þ,¡Þ,¡Þ,¡Þ,¡Þ,¡Þ,¡Þ,¡Þ,¡Þ,¡Þ,¡Þ,¡Þ,¡Þ,¡Þ,¡Þ,¡Þ,¡Þ,¡Þ,¡Þ,¡Þ,¡Þ,¡Þ,2040,¡Þ,¡Þ,¡Þ,¡Þ,¡Þ,¡Þ,¡Þ,¡Þ,¡Þ,¡Þ,¡Þ,¡Þ,¡Þ,¡Þ,¡Þ,¡Þ,¡Þ,¡Þ,¡Þ,¡Þ,¡Þ,¡Þ,¡Þ,¡Þ,¡Þ,¡Þ,¡Þ,¡Þ,¡Þ,¡Þ,¡Þ,¡Þ,¡Þ,¡Þ,¡Þ,¡Þ,995,¡Þ,¡Þ,¡Þ,¡Þ,¡Þ,¡Þ,¡Þ,¡Þ,¡Þ,¡Þ,¡Þ,¡Þ,¡Þ,¡Þ,¡Þ,¡Þ,¡Þ,¡Þ,¡Þ,¡Þ,¡Þ,¡Þ,¡Þ,¡Þ,¡Þ,¡Þ,¡Þ,¡Þ,¡Þ,¡Þ,¡Þ,¡Þ,¡Þ,¡Þ,¡Þ,¡Þ,¡Þ,¡Þ,¡Þ,¡Þ,¡Þ,¡Þ,¡Þ,¡Þ,¡Þ,¡Þ,¡Þ,¡Þ,¡Þ,¡Þ,¡Þ,¡Þ,¡Þ,¡Þ,¡Þ,¡Þ,¡Þ,¡Þ,¡Þ,¡Þ,¡Þ,¡Þ,¡Þ,¡Þ,¡Þ,¡Þ,¡Þ,¡Þ,¡Þ,¡Þ,¡Þ,¡Þ,¡Þ,¡Þ,¡Þ,¡Þ,¡Þ,¡Þ,¡Þ,¡Þ,¡Þ,¡Þ,¡Þ,¡Þ,¡Þ,¡Þ,¡Þ,¡Þ,¡Þ,¡Þ,¡Þ,¡Þ,¡Þ,¡Þ,
¡Þ,¡Þ,¡Þ,¡Þ,¡Þ,¡Þ,¡Þ,¡Þ,¡Þ,¡Þ,¡Þ,¡Þ,¡Þ,¡Þ,¡Þ,¡Þ,¡Þ,¡Þ,¡Þ,702,¡Þ,¡Þ,¡Þ,¡Þ,¡Þ,¡Þ,¡Þ,¡Þ,¡Þ,¡Þ,¡Þ,¡Þ,¡Þ,¡Þ,¡Þ,¡Þ,¡Þ,¡Þ,¡Þ,¡Þ,¡Þ,¡Þ,¡Þ,¡Þ,¡Þ,¡Þ,¡Þ,¡Þ,¡Þ,¡Þ,¡Þ,¡Þ,¡Þ,¡Þ,¡Þ,¡Þ,¡Þ,771,¡Þ,¡Þ,¡Þ,¡Þ,¡Þ,¡Þ,¡Þ,¡Þ,¡Þ,¡Þ,¡Þ,¡Þ,¡Þ,¡Þ,¡Þ,¡Þ,¡Þ,¡Þ,¡Þ,¡Þ,¡Þ,¡Þ,¡Þ,¡Þ,¡Þ,¡Þ,¡Þ,¡Þ,¡Þ,¡Þ,¡Þ,¡Þ,¡Þ,¡Þ,¡Þ,¡Þ,¡Þ,¡Þ,¡Þ,¡Þ,¡Þ,¡Þ,¡Þ,¡Þ,¡Þ,¡Þ,¡Þ,¡Þ,¡Þ,¡Þ,¡Þ,¡Þ,¡Þ,¡Þ,¡Þ,¡Þ,¡Þ,¡Þ,¡Þ,¡Þ,¡Þ,¡Þ,¡Þ,¡Þ,¡Þ,¡Þ,¡Þ,¡Þ,¡Þ,¡Þ,¡Þ,¡Þ,¡Þ,¡Þ,¡Þ,¡Þ,¡Þ,¡Þ,¡Þ,¡Þ,¡Þ,¡Þ,¡Þ,¡Þ,¡Þ,¡Þ,¡Þ,¡Þ,¡Þ,¡Þ,¡Þ,¡Þ,¡Þ,¡Þ,¡Þ,¡Þ,¡Þ,¡Þ,¡Þ,¡Þ,¡Þ,¡Þ,¡Þ,¡Þ,¡Þ,¡Þ,¡Þ,¡Þ,¡Þ,
¡Þ,¡Þ,¡Þ,¡Þ,¡Þ,¡Þ,¡Þ,¡Þ,¡Þ,¡Þ,¡Þ,¡Þ,¡Þ,¡Þ,¡Þ,¡Þ,¡Þ,¡Þ,¡Þ,¡Þ,¡Þ,¡Þ,¡Þ,¡Þ,¡Þ,¡Þ,¡Þ,¡Þ,¡Þ,¡Þ,¡Þ,¡Þ,¡Þ,¡Þ,¡Þ,¡Þ,¡Þ,¡Þ,¡Þ,¡Þ,¡Þ,¡Þ,¡Þ,¡Þ,¡Þ,¡Þ,¡Þ,¡Þ,¡Þ,¡Þ,¡Þ,¡Þ,¡Þ,¡Þ,¡Þ,¡Þ,¡Þ,¡Þ,¡Þ,¡Þ,¡Þ,¡Þ,¡Þ,¡Þ,¡Þ,¡Þ,¡Þ,¡Þ,¡Þ,¡Þ,¡Þ,¡Þ,¡Þ,¡Þ,¡Þ,¡Þ,¡Þ,¡Þ,¡Þ,¡Þ,¡Þ,¡Þ,¡Þ,¡Þ,¡Þ,¡Þ,¡Þ,¡Þ,¡Þ,¡Þ,¡Þ,¡Þ,¡Þ,¡Þ,¡Þ,¡Þ,¡Þ,¡Þ,¡Þ,¡Þ,¡Þ,¡Þ,1192,¡Þ,¡Þ,¡Þ,¡Þ,¡Þ,¡Þ,¡Þ,¡Þ,¡Þ,¡Þ,¡Þ,¡Þ,¡Þ,¡Þ,¡Þ,¡Þ,¡Þ,¡Þ,¡Þ,¡Þ,1212,¡Þ,¡Þ,¡Þ,¡Þ,¡Þ,¡Þ,¡Þ,¡Þ,¡Þ,¡Þ,¡Þ,¡Þ,¡Þ,¡Þ,¡Þ,¡Þ,¡Þ,¡Þ,¡Þ,¡Þ,¡Þ,¡Þ,¡Þ,¡Þ,¡Þ,¡Þ,¡Þ,¡Þ,¡Þ,¡Þ,¡Þ,¡Þ,¡Þ,¡Þ,¡Þ,¡Þ,¡Þ,¡Þ,¡Þ,¡Þ,¡Þ,¡Þ,¡Þ,
¡Þ,¡Þ,¡Þ,¡Þ,¡Þ,¡Þ,¡Þ,¡Þ,¡Þ,¡Þ,¡Þ,¡Þ,¡Þ,¡Þ,¡Þ,¡Þ,¡Þ,¡Þ,¡Þ,¡Þ,¡Þ,¡Þ,¡Þ,¡Þ,¡Þ,¡Þ,¡Þ,¡Þ,¡Þ,¡Þ,¡Þ,¡Þ,¡Þ,¡Þ,¡Þ,¡Þ,¡Þ,¡Þ,¡Þ,¡Þ,¡Þ,¡Þ,¡Þ,¡Þ,¡Þ,¡Þ,¡Þ,¡Þ,¡Þ,¡Þ,¡Þ,¡Þ,¡Þ,¡Þ,¡Þ,¡Þ,¡Þ,529,¡Þ,¡Þ,¡Þ,¡Þ,¡Þ,¡Þ,¡Þ,762,¡Þ,¡Þ,¡Þ,¡Þ,¡Þ,¡Þ,¡Þ,¡Þ,¡Þ,¡Þ,¡Þ,1926,¡Þ,¡Þ,¡Þ,¡Þ,¡Þ,¡Þ,¡Þ,¡Þ,¡Þ,¡Þ,¡Þ,¡Þ,¡Þ,¡Þ,¡Þ,¡Þ,¡Þ,¡Þ,¡Þ,¡Þ,¡Þ,¡Þ,¡Þ,¡Þ,¡Þ,¡Þ,¡Þ,¡Þ,¡Þ,¡Þ,¡Þ,¡Þ,¡Þ,¡Þ,¡Þ,¡Þ,¡Þ,¡Þ,¡Þ,¡Þ,¡Þ,¡Þ,¡Þ,¡Þ,¡Þ,¡Þ,¡Þ,¡Þ,¡Þ,¡Þ,¡Þ,¡Þ,¡Þ,¡Þ,¡Þ,¡Þ,¡Þ,¡Þ,¡Þ,988,¡Þ,¡Þ,¡Þ,¡Þ,¡Þ,¡Þ,¡Þ,¡Þ,¡Þ,¡Þ,¡Þ,¡Þ,¡Þ,¡Þ,¡Þ,¡Þ,¡Þ,¡Þ,¡Þ,¡Þ,¡Þ,¡Þ,¡Þ,¡Þ,¡Þ,¡Þ,¡Þ,¡Þ,¡Þ,
¡Þ,¡Þ,¡Þ,¡Þ,¡Þ,¡Þ,¡Þ,¡Þ,¡Þ,¡Þ,¡Þ,¡Þ,¡Þ,¡Þ,¡Þ,¡Þ,¡Þ,¡Þ,¡Þ,¡Þ,¡Þ,¡Þ,¡Þ,¡Þ,¡Þ,¡Þ,¡Þ,¡Þ,¡Þ,¡Þ,¡Þ,536,¡Þ,¡Þ,¡Þ,¡Þ,¡Þ,¡Þ,¡Þ,¡Þ,¡Þ,¡Þ,¡Þ,¡Þ,¡Þ,¡Þ,¡Þ,¡Þ,¡Þ,¡Þ,¡Þ,¡Þ,¡Þ,¡Þ,¡Þ,¡Þ,¡Þ,¡Þ,¡Þ,¡Þ,¡Þ,¡Þ,¡Þ,¡Þ,¡Þ,¡Þ,¡Þ,¡Þ,¡Þ,¡Þ,¡Þ,¡Þ,¡Þ,¡Þ,¡Þ,¡Þ,¡Þ,¡Þ,¡Þ,¡Þ,¡Þ,¡Þ,¡Þ,¡Þ,¡Þ,¡Þ,¡Þ,¡Þ,¡Þ,¡Þ,¡Þ,¡Þ,¡Þ,¡Þ,¡Þ,¡Þ,¡Þ,¡Þ,¡Þ,¡Þ,¡Þ,¡Þ,¡Þ,¡Þ,¡Þ,¡Þ,¡Þ,¡Þ,¡Þ,¡Þ,¡Þ,¡Þ,¡Þ,¡Þ,¡Þ,¡Þ,¡Þ,¡Þ,¡Þ,¡Þ,¡Þ,¡Þ,627,¡Þ,¡Þ,¡Þ,¡Þ,¡Þ,¡Þ,¡Þ,¡Þ,¡Þ,¡Þ,¡Þ,¡Þ,¡Þ,¡Þ,¡Þ,¡Þ,¡Þ,¡Þ,¡Þ,¡Þ,¡Þ,¡Þ,¡Þ,¡Þ,¡Þ,¡Þ,¡Þ,¡Þ,¡Þ,¡Þ,¡Þ,¡Þ,¡Þ,¡Þ,¡Þ,¡Þ,¡Þ,¡Þ,¡Þ,¡Þ,¡Þ,¡Þ,¡Þ,¡Þ,
¡Þ,¡Þ,¡Þ,¡Þ,¡Þ,¡Þ,¡Þ,¡Þ,¡Þ,¡Þ,¡Þ,¡Þ,¡Þ,¡Þ,¡Þ,¡Þ,¡Þ,¡Þ,¡Þ,¡Þ,¡Þ,¡Þ,¡Þ,¡Þ,¡Þ,¡Þ,¡Þ,¡Þ,¡Þ,¡Þ,766,1012,¡Þ,¡Þ,¡Þ,¡Þ,¡Þ,¡Þ,¡Þ,¡Þ,¡Þ,¡Þ,¡Þ,¡Þ,¡Þ,¡Þ,¡Þ,¡Þ,¡Þ,¡Þ,¡Þ,¡Þ,¡Þ,¡Þ,¡Þ,¡Þ,¡Þ,¡Þ,¡Þ,¡Þ,¡Þ,¡Þ,¡Þ,¡Þ,¡Þ,¡Þ,¡Þ,¡Þ,¡Þ,¡Þ,¡Þ,¡Þ,¡Þ,¡Þ,¡Þ,¡Þ,¡Þ,¡Þ,¡Þ,¡Þ,¡Þ,¡Þ,¡Þ,¡Þ,¡Þ,¡Þ,¡Þ,¡Þ,¡Þ,¡Þ,¡Þ,¡Þ,¡Þ,¡Þ,¡Þ,¡Þ,¡Þ,¡Þ,¡Þ,¡Þ,¡Þ,¡Þ,¡Þ,¡Þ,¡Þ,¡Þ,¡Þ,¡Þ,¡Þ,¡Þ,¡Þ,¡Þ,¡Þ,¡Þ,¡Þ,¡Þ,¡Þ,¡Þ,¡Þ,¡Þ,¡Þ,¡Þ,¡Þ,¡Þ,¡Þ,¡Þ,¡Þ,¡Þ,¡Þ,¡Þ,¡Þ,¡Þ,¡Þ,¡Þ,¡Þ,¡Þ,¡Þ,¡Þ,¡Þ,¡Þ,¡Þ,¡Þ,¡Þ,¡Þ,¡Þ,¡Þ,¡Þ,¡Þ,¡Þ,¡Þ,¡Þ,¡Þ,¡Þ,¡Þ,¡Þ,¡Þ,¡Þ,¡Þ,¡Þ,¡Þ,¡Þ,¡Þ,¡Þ,¡Þ,¡Þ,¡Þ,¡Þ,
¡Þ,¡Þ,¡Þ,¡Þ,¡Þ,¡Þ,¡Þ,¡Þ,¡Þ,¡Þ,¡Þ,¡Þ,¡Þ,¡Þ,¡Þ,¡Þ,¡Þ,¡Þ,¡Þ,¡Þ,¡Þ,¡Þ,¡Þ,¡Þ,¡Þ,¡Þ,¡Þ,¡Þ,¡Þ,¡Þ,¡Þ,¡Þ,¡Þ,¡Þ,¡Þ,¡Þ,¡Þ,¡Þ,¡Þ,¡Þ,¡Þ,¡Þ,¡Þ,¡Þ,¡Þ,¡Þ,¡Þ,¡Þ,¡Þ,¡Þ,¡Þ,¡Þ,¡Þ,¡Þ,¡Þ,¡Þ,1216,¡Þ,¡Þ,¡Þ,¡Þ,¡Þ,¡Þ,¡Þ,¡Þ,¡Þ,¡Þ,¡Þ,¡Þ,¡Þ,¡Þ,¡Þ,¡Þ,¡Þ,¡Þ,¡Þ,¡Þ,¡Þ,¡Þ,¡Þ,¡Þ,¡Þ,¡Þ,¡Þ,¡Þ,¡Þ,¡Þ,¡Þ,¡Þ,¡Þ,¡Þ,¡Þ,¡Þ,¡Þ,¡Þ,¡Þ,¡Þ,¡Þ,¡Þ,¡Þ,¡Þ,¡Þ,¡Þ,¡Þ,¡Þ,¡Þ,¡Þ,¡Þ,¡Þ,¡Þ,¡Þ,¡Þ,¡Þ,¡Þ,¡Þ,¡Þ,¡Þ,¡Þ,¡Þ,¡Þ,¡Þ,¡Þ,¡Þ,¡Þ,¡Þ,¡Þ,¡Þ,¡Þ,¡Þ,¡Þ,¡Þ,¡Þ,¡Þ,¡Þ,¡Þ,¡Þ,¡Þ,¡Þ,¡Þ,¡Þ,¡Þ,¡Þ,¡Þ,¡Þ,¡Þ,¡Þ,¡Þ,¡Þ,¡Þ,¡Þ,¡Þ,¡Þ,¡Þ,1253,¡Þ,¡Þ,¡Þ,1574,¡Þ,¡Þ,¡Þ,¡Þ,¡Þ,¡Þ,¡Þ,¡Þ,¡Þ,
¡Þ,¡Þ,1138,¡Þ,¡Þ,¡Þ,¡Þ,¡Þ,¡Þ,¡Þ,¡Þ,¡Þ,¡Þ,¡Þ,¡Þ,¡Þ,¡Þ,¡Þ,¡Þ,¡Þ,¡Þ,¡Þ,¡Þ,¡Þ,¡Þ,¡Þ,¡Þ,¡Þ,¡Þ,¡Þ,¡Þ,¡Þ,¡Þ,¡Þ,¡Þ,¡Þ,¡Þ,¡Þ,¡Þ,¡Þ,¡Þ,¡Þ,¡Þ,¡Þ,¡Þ,¡Þ,¡Þ,¡Þ,¡Þ,¡Þ,¡Þ,¡Þ,¡Þ,¡Þ,¡Þ,¡Þ,¡Þ,¡Þ,¡Þ,¡Þ,¡Þ,762,¡Þ,¡Þ,¡Þ,¡Þ,¡Þ,¡Þ,¡Þ,¡Þ,¡Þ,¡Þ,¡Þ,¡Þ,¡Þ,¡Þ,¡Þ,¡Þ,¡Þ,¡Þ,¡Þ,¡Þ,¡Þ,¡Þ,¡Þ,¡Þ,¡Þ,¡Þ,¡Þ,¡Þ,¡Þ,¡Þ,¡Þ,¡Þ,¡Þ,¡Þ,¡Þ,¡Þ,¡Þ,¡Þ,¡Þ,¡Þ,¡Þ,¡Þ,¡Þ,¡Þ,¡Þ,¡Þ,¡Þ,¡Þ,¡Þ,¡Þ,¡Þ,¡Þ,¡Þ,¡Þ,¡Þ,¡Þ,¡Þ,¡Þ,¡Þ,¡Þ,¡Þ,¡Þ,¡Þ,¡Þ,¡Þ,¡Þ,¡Þ,¡Þ,¡Þ,¡Þ,¡Þ,¡Þ,¡Þ,¡Þ,¡Þ,¡Þ,¡Þ,¡Þ,¡Þ,¡Þ,¡Þ,¡Þ,¡Þ,¡Þ,¡Þ,¡Þ,¡Þ,¡Þ,¡Þ,¡Þ,¡Þ,¡Þ,¡Þ,¡Þ,¡Þ,¡Þ,¡Þ,¡Þ,¡Þ,¡Þ,¡Þ,¡Þ,¡Þ,¡Þ,¡Þ,
¡Þ,¡Þ,¡Þ,¡Þ,¡Þ,¡Þ,¡Þ,¡Þ,¡Þ,¡Þ,¡Þ,¡Þ,¡Þ,¡Þ,¡Þ,¡Þ,¡Þ,¡Þ,¡Þ,¡Þ,¡Þ,¡Þ,¡Þ,¡Þ,¡Þ,¡Þ,¡Þ,¡Þ,¡Þ,¡Þ,¡Þ,1391,¡Þ,¡Þ,¡Þ,716,¡Þ,¡Þ,654,¡Þ,¡Þ,¡Þ,¡Þ,¡Þ,¡Þ,¡Þ,¡Þ,¡Þ,¡Þ,¡Þ,¡Þ,¡Þ,¡Þ,¡Þ,¡Þ,¡Þ,¡Þ,¡Þ,¡Þ,¡Þ,¡Þ,¡Þ,¡Þ,¡Þ,¡Þ,¡Þ,¡Þ,¡Þ,¡Þ,¡Þ,¡Þ,¡Þ,¡Þ,¡Þ,¡Þ,¡Þ,¡Þ,¡Þ,¡Þ,¡Þ,¡Þ,¡Þ,¡Þ,¡Þ,¡Þ,¡Þ,¡Þ,¡Þ,¡Þ,¡Þ,¡Þ,¡Þ,¡Þ,¡Þ,¡Þ,¡Þ,¡Þ,¡Þ,¡Þ,¡Þ,¡Þ,¡Þ,¡Þ,¡Þ,¡Þ,¡Þ,¡Þ,¡Þ,¡Þ,¡Þ,¡Þ,¡Þ,¡Þ,¡Þ,¡Þ,¡Þ,¡Þ,¡Þ,¡Þ,¡Þ,¡Þ,¡Þ,¡Þ,¡Þ,768,¡Þ,¡Þ,¡Þ,¡Þ,¡Þ,¡Þ,¡Þ,¡Þ,¡Þ,¡Þ,¡Þ,¡Þ,¡Þ,¡Þ,¡Þ,¡Þ,¡Þ,¡Þ,¡Þ,¡Þ,¡Þ,¡Þ,¡Þ,¡Þ,¡Þ,¡Þ,¡Þ,¡Þ,¡Þ,¡Þ,¡Þ,¡Þ,¡Þ,¡Þ,¡Þ,¡Þ,¡Þ,¡Þ,¡Þ,¡Þ,¡Þ,¡Þ,
¡Þ,¡Þ,¡Þ,¡Þ,¡Þ,¡Þ,¡Þ,¡Þ,¡Þ,¡Þ,¡Þ,7008,¡Þ,¡Þ,¡Þ,¡Þ,¡Þ,¡Þ,¡Þ,¡Þ,¡Þ,¡Þ,¡Þ,¡Þ,¡Þ,¡Þ,¡Þ,¡Þ,¡Þ,¡Þ,¡Þ,¡Þ,¡Þ,¡Þ,¡Þ,¡Þ,¡Þ,¡Þ,¡Þ,¡Þ,¡Þ,¡Þ,¡Þ,¡Þ,¡Þ,¡Þ,¡Þ,¡Þ,¡Þ,¡Þ,¡Þ,¡Þ,¡Þ,¡Þ,¡Þ,¡Þ,¡Þ,¡Þ,¡Þ,¡Þ,¡Þ,¡Þ,¡Þ,¡Þ,¡Þ,¡Þ,¡Þ,¡Þ,3565,¡Þ,¡Þ,¡Þ,¡Þ,¡Þ,¡Þ,¡Þ,¡Þ,¡Þ,¡Þ,¡Þ,¡Þ,¡Þ,¡Þ,¡Þ,¡Þ,¡Þ,¡Þ,¡Þ,¡Þ,¡Þ,¡Þ,¡Þ,¡Þ,¡Þ,¡Þ,¡Þ,¡Þ,¡Þ,¡Þ,¡Þ,¡Þ,¡Þ,¡Þ,¡Þ,¡Þ,¡Þ,¡Þ,¡Þ,¡Þ,¡Þ,¡Þ,¡Þ,¡Þ,¡Þ,¡Þ,¡Þ,¡Þ,¡Þ,¡Þ,¡Þ,¡Þ,¡Þ,¡Þ,¡Þ,¡Þ,¡Þ,¡Þ,¡Þ,¡Þ,¡Þ,¡Þ,¡Þ,¡Þ,¡Þ,¡Þ,¡Þ,¡Þ,¡Þ,¡Þ,¡Þ,¡Þ,¡Þ,¡Þ,¡Þ,¡Þ,¡Þ,¡Þ,¡Þ,¡Þ,¡Þ,¡Þ,¡Þ,¡Þ,¡Þ,¡Þ,¡Þ,¡Þ,¡Þ,¡Þ,¡Þ,¡Þ,¡Þ,¡Þ,¡Þ,¡Þ,¡Þ,¡Þ,
¡Þ,¡Þ,¡Þ,¡Þ,¡Þ,¡Þ,¡Þ,¡Þ,¡Þ,¡Þ,¡Þ,¡Þ,¡Þ,¡Þ,¡Þ,¡Þ,¡Þ,¡Þ,¡Þ,¡Þ,¡Þ,¡Þ,¡Þ,¡Þ,¡Þ,¡Þ,¡Þ,¡Þ,¡Þ,¡Þ,¡Þ,¡Þ,¡Þ,¡Þ,2662,¡Þ,¡Þ,¡Þ,¡Þ,¡Þ,¡Þ,¡Þ,¡Þ,¡Þ,¡Þ,¡Þ,¡Þ,¡Þ,¡Þ,¡Þ,¡Þ,¡Þ,¡Þ,¡Þ,¡Þ,¡Þ,¡Þ,¡Þ,¡Þ,¡Þ,¡Þ,¡Þ,¡Þ,¡Þ,¡Þ,¡Þ,¡Þ,3565,¡Þ,¡Þ,¡Þ,¡Þ,¡Þ,¡Þ,¡Þ,¡Þ,¡Þ,¡Þ,¡Þ,¡Þ,¡Þ,¡Þ,¡Þ,¡Þ,¡Þ,¡Þ,¡Þ,¡Þ,¡Þ,¡Þ,¡Þ,¡Þ,¡Þ,¡Þ,¡Þ,¡Þ,¡Þ,¡Þ,¡Þ,¡Þ,¡Þ,¡Þ,¡Þ,¡Þ,¡Þ,¡Þ,¡Þ,¡Þ,¡Þ,¡Þ,¡Þ,¡Þ,¡Þ,¡Þ,¡Þ,¡Þ,¡Þ,¡Þ,¡Þ,¡Þ,¡Þ,¡Þ,¡Þ,¡Þ,¡Þ,¡Þ,¡Þ,¡Þ,¡Þ,¡Þ,¡Þ,¡Þ,¡Þ,¡Þ,¡Þ,¡Þ,¡Þ,¡Þ,¡Þ,¡Þ,¡Þ,¡Þ,¡Þ,¡Þ,¡Þ,¡Þ,¡Þ,¡Þ,¡Þ,¡Þ,¡Þ,¡Þ,¡Þ,¡Þ,¡Þ,¡Þ,¡Þ,¡Þ,¡Þ,¡Þ,¡Þ,¡Þ,¡Þ,¡Þ,¡Þ,¡Þ,¡Þ,
¡Þ,¡Þ,¡Þ,¡Þ,¡Þ,¡Þ,¡Þ,¡Þ,¡Þ,¡Þ,¡Þ,¡Þ,¡Þ,¡Þ,¡Þ,¡Þ,¡Þ,¡Þ,¡Þ,¡Þ,¡Þ,¡Þ,¡Þ,¡Þ,¡Þ,¡Þ,¡Þ,¡Þ,¡Þ,¡Þ,¡Þ,¡Þ,¡Þ,¡Þ,¡Þ,¡Þ,¡Þ,¡Þ,¡Þ,¡Þ,¡Þ,¡Þ,¡Þ,¡Þ,¡Þ,¡Þ,¡Þ,¡Þ,¡Þ,¡Þ,¡Þ,¡Þ,¡Þ,¡Þ,2432,¡Þ,¡Þ,¡Þ,¡Þ,¡Þ,¡Þ,¡Þ,¡Þ,¡Þ,¡Þ,¡Þ,¡Þ,¡Þ,¡Þ,¡Þ,¡Þ,¡Þ,¡Þ,¡Þ,¡Þ,¡Þ,¡Þ,¡Þ,¡Þ,¡Þ,¡Þ,¡Þ,¡Þ,¡Þ,¡Þ,¡Þ,¡Þ,¡Þ,¡Þ,¡Þ,¡Þ,¡Þ,¡Þ,¡Þ,¡Þ,¡Þ,¡Þ,¡Þ,¡Þ,¡Þ,¡Þ,¡Þ,¡Þ,¡Þ,¡Þ,¡Þ,¡Þ,¡Þ,¡Þ,¡Þ,¡Þ,¡Þ,¡Þ,¡Þ,¡Þ,¡Þ,¡Þ,¡Þ,¡Þ,¡Þ,¡Þ,¡Þ,¡Þ,¡Þ,¡Þ,¡Þ,¡Þ,¡Þ,¡Þ,¡Þ,¡Þ,¡Þ,¡Þ,¡Þ,¡Þ,¡Þ,¡Þ,¡Þ,¡Þ,¡Þ,¡Þ,¡Þ,¡Þ,¡Þ,¡Þ,¡Þ,¡Þ,¡Þ,¡Þ,¡Þ,¡Þ,¡Þ,¡Þ,¡Þ,¡Þ,¡Þ,¡Þ,¡Þ,¡Þ,¡Þ,¡Þ,¡Þ,¡Þ,¡Þ,¡Þ,¡Þ,¡Þ,
1703,¡Þ,¡Þ,¡Þ,¡Þ,¡Þ,¡Þ,¡Þ,¡Þ,¡Þ,¡Þ,¡Þ,¡Þ,¡Þ,¡Þ,¡Þ,¡Þ,¡Þ,¡Þ,¡Þ,¡Þ,¡Þ,¡Þ,¡Þ,¡Þ,¡Þ,¡Þ,¡Þ,¡Þ,¡Þ,¡Þ,¡Þ,¡Þ,¡Þ,¡Þ,¡Þ,¡Þ,¡Þ,¡Þ,¡Þ,¡Þ,¡Þ,¡Þ,¡Þ,¡Þ,¡Þ,¡Þ,¡Þ,¡Þ,¡Þ,¡Þ,¡Þ,¡Þ,¡Þ,¡Þ,¡Þ,¡Þ,¡Þ,¡Þ,¡Þ,¡Þ,¡Þ,¡Þ,¡Þ,¡Þ,¡Þ,¡Þ,¡Þ,¡Þ,¡Þ,¡Þ,¡Þ,¡Þ,¡Þ,¡Þ,¡Þ,¡Þ,¡Þ,¡Þ,¡Þ,¡Þ,¡Þ,¡Þ,1334,¡Þ,¡Þ,¡Þ,¡Þ,¡Þ,¡Þ,¡Þ,¡Þ,¡Þ,¡Þ,¡Þ,¡Þ,¡Þ,¡Þ,¡Þ,¡Þ,¡Þ,¡Þ,¡Þ,¡Þ,¡Þ,¡Þ,¡Þ,¡Þ,¡Þ,¡Þ,¡Þ,¡Þ,¡Þ,¡Þ,¡Þ,¡Þ,¡Þ,¡Þ,¡Þ,¡Þ,¡Þ,¡Þ,¡Þ,¡Þ,¡Þ,¡Þ,¡Þ,¡Þ,¡Þ,¡Þ,¡Þ,¡Þ,¡Þ,¡Þ,¡Þ,¡Þ,¡Þ,¡Þ,¡Þ,¡Þ,¡Þ,¡Þ,¡Þ,¡Þ,¡Þ,¡Þ,¡Þ,¡Þ,¡Þ,¡Þ,¡Þ,¡Þ,¡Þ,¡Þ,¡Þ,¡Þ,¡Þ,¡Þ,¡Þ,¡Þ,¡Þ,¡Þ,¡Þ,¡Þ,¡Þ,¡Þ,¡Þ,
¡Þ,¡Þ,¡Þ,¡Þ,¡Þ,¡Þ,¡Þ,¡Þ,¡Þ,¡Þ,¡Þ,¡Þ,¡Þ,¡Þ,¡Þ,¡Þ,¡Þ,¡Þ,¡Þ,¡Þ,¡Þ,¡Þ,¡Þ,¡Þ,¡Þ,¡Þ,¡Þ,¡Þ,¡Þ,¡Þ,¡Þ,¡Þ,¡Þ,¡Þ,¡Þ,¡Þ,¡Þ,¡Þ,¡Þ,¡Þ,¡Þ,¡Þ,¡Þ,¡Þ,¡Þ,¡Þ,¡Þ,¡Þ,¡Þ,¡Þ,¡Þ,¡Þ,¡Þ,¡Þ,¡Þ,¡Þ,¡Þ,¡Þ,¡Þ,¡Þ,¡Þ,¡Þ,¡Þ,¡Þ,¡Þ,¡Þ,¡Þ,¡Þ,¡Þ,¡Þ,¡Þ,¡Þ,¡Þ,¡Þ,¡Þ,¡Þ,¡Þ,¡Þ,1217,¡Þ,¡Þ,¡Þ,¡Þ,¡Þ,¡Þ,¡Þ,¡Þ,¡Þ,¡Þ,¡Þ,¡Þ,942,¡Þ,¡Þ,¡Þ,¡Þ,¡Þ,¡Þ,¡Þ,¡Þ,¡Þ,¡Þ,¡Þ,¡Þ,¡Þ,¡Þ,¡Þ,¡Þ,¡Þ,¡Þ,¡Þ,¡Þ,¡Þ,¡Þ,¡Þ,¡Þ,¡Þ,¡Þ,¡Þ,¡Þ,¡Þ,¡Þ,¡Þ,¡Þ,¡Þ,¡Þ,¡Þ,¡Þ,¡Þ,¡Þ,¡Þ,¡Þ,¡Þ,¡Þ,¡Þ,¡Þ,¡Þ,¡Þ,¡Þ,¡Þ,¡Þ,¡Þ,¡Þ,¡Þ,¡Þ,¡Þ,¡Þ,1221,1074,¡Þ,¡Þ,¡Þ,¡Þ,¡Þ,¡Þ,¡Þ,¡Þ,¡Þ,¡Þ,¡Þ,¡Þ,¡Þ,¡Þ,¡Þ,¡Þ,¡Þ,¡Þ,
¡Þ,¡Þ,¡Þ,¡Þ,¡Þ,¡Þ,¡Þ,¡Þ,¡Þ,¡Þ,¡Þ,¡Þ,¡Þ,¡Þ,¡Þ,¡Þ,¡Þ,¡Þ,¡Þ,¡Þ,¡Þ,¡Þ,1432,¡Þ,¡Þ,¡Þ,¡Þ,¡Þ,¡Þ,¡Þ,¡Þ,¡Þ,¡Þ,¡Þ,¡Þ,¡Þ,¡Þ,¡Þ,¡Þ,¡Þ,¡Þ,¡Þ,¡Þ,¡Þ,¡Þ,¡Þ,¡Þ,¡Þ,¡Þ,¡Þ,¡Þ,¡Þ,¡Þ,¡Þ,¡Þ,¡Þ,¡Þ,¡Þ,995,¡Þ,¡Þ,¡Þ,¡Þ,¡Þ,¡Þ,¡Þ,¡Þ,¡Þ,¡Þ,¡Þ,¡Þ,¡Þ,¡Þ,¡Þ,¡Þ,¡Þ,¡Þ,¡Þ,¡Þ,¡Þ,¡Þ,¡Þ,¡Þ,¡Þ,¡Þ,¡Þ,¡Þ,¡Þ,¡Þ,¡Þ,¡Þ,¡Þ,¡Þ,¡Þ,¡Þ,¡Þ,¡Þ,¡Þ,¡Þ,¡Þ,¡Þ,¡Þ,¡Þ,¡Þ,¡Þ,¡Þ,¡Þ,¡Þ,¡Þ,¡Þ,¡Þ,¡Þ,¡Þ,¡Þ,¡Þ,¡Þ,¡Þ,¡Þ,¡Þ,¡Þ,¡Þ,¡Þ,¡Þ,¡Þ,¡Þ,¡Þ,¡Þ,¡Þ,¡Þ,¡Þ,¡Þ,¡Þ,¡Þ,¡Þ,¡Þ,¡Þ,¡Þ,¡Þ,¡Þ,¡Þ,¡Þ,¡Þ,¡Þ,¡Þ,¡Þ,¡Þ,¡Þ,¡Þ,¡Þ,¡Þ,¡Þ,¡Þ,¡Þ,¡Þ,¡Þ,¡Þ,¡Þ,¡Þ,¡Þ,¡Þ,¡Þ,¡Þ,¡Þ,¡Þ,¡Þ,¡Þ,¡Þ,
¡Þ,¡Þ,¡Þ,¡Þ,¡Þ,¡Þ,¡Þ,¡Þ,¡Þ,¡Þ,¡Þ,¡Þ,¡Þ,¡Þ,¡Þ,¡Þ,¡Þ,¡Þ,¡Þ,¡Þ,¡Þ,¡Þ,¡Þ,¡Þ,¡Þ,¡Þ,¡Þ,¡Þ,¡Þ,¡Þ,¡Þ,¡Þ,¡Þ,¡Þ,¡Þ,¡Þ,¡Þ,¡Þ,¡Þ,¡Þ,¡Þ,¡Þ,¡Þ,¡Þ,¡Þ,¡Þ,¡Þ,¡Þ,¡Þ,2306,¡Þ,¡Þ,¡Þ,1324,¡Þ,¡Þ,¡Þ,¡Þ,¡Þ,¡Þ,¡Þ,¡Þ,¡Þ,¡Þ,¡Þ,¡Þ,¡Þ,¡Þ,¡Þ,¡Þ,¡Þ,¡Þ,¡Þ,¡Þ,¡Þ,¡Þ,¡Þ,¡Þ,¡Þ,¡Þ,¡Þ,¡Þ,¡Þ,¡Þ,¡Þ,¡Þ,¡Þ,¡Þ,¡Þ,¡Þ,¡Þ,¡Þ,¡Þ,¡Þ,¡Þ,¡Þ,¡Þ,¡Þ,¡Þ,¡Þ,¡Þ,¡Þ,¡Þ,¡Þ,¡Þ,¡Þ,¡Þ,¡Þ,¡Þ,¡Þ,¡Þ,¡Þ,¡Þ,¡Þ,¡Þ,¡Þ,¡Þ,¡Þ,¡Þ,¡Þ,¡Þ,¡Þ,¡Þ,¡Þ,¡Þ,¡Þ,¡Þ,¡Þ,¡Þ,¡Þ,¡Þ,¡Þ,¡Þ,¡Þ,¡Þ,¡Þ,¡Þ,¡Þ,¡Þ,¡Þ,¡Þ,¡Þ,¡Þ,¡Þ,¡Þ,¡Þ,¡Þ,¡Þ,¡Þ,¡Þ,¡Þ,¡Þ,¡Þ,¡Þ,¡Þ,¡Þ,¡Þ,¡Þ,¡Þ,¡Þ,¡Þ,¡Þ,¡Þ,¡Þ,¡Þ,¡Þ,¡Þ,
¡Þ,¡Þ,¡Þ,¡Þ,¡Þ,¡Þ,¡Þ,¡Þ,¡Þ,¡Þ,¡Þ,¡Þ,¡Þ,¡Þ,¡Þ,¡Þ,¡Þ,¡Þ,¡Þ,¡Þ,¡Þ,¡Þ,895,¡Þ,¡Þ,¡Þ,¡Þ,¡Þ,¡Þ,¡Þ,¡Þ,¡Þ,¡Þ,¡Þ,¡Þ,¡Þ,¡Þ,¡Þ,¡Þ,¡Þ,639,¡Þ,¡Þ,¡Þ,¡Þ,1493,¡Þ,¡Þ,¡Þ,¡Þ,¡Þ,¡Þ,¡Þ,¡Þ,¡Þ,¡Þ,¡Þ,¡Þ,¡Þ,¡Þ,¡Þ,¡Þ,¡Þ,¡Þ,¡Þ,¡Þ,¡Þ,¡Þ,¡Þ,¡Þ,¡Þ,¡Þ,¡Þ,¡Þ,¡Þ,¡Þ,¡Þ,¡Þ,¡Þ,¡Þ,¡Þ,¡Þ,¡Þ,¡Þ,¡Þ,¡Þ,¡Þ,¡Þ,¡Þ,¡Þ,¡Þ,¡Þ,¡Þ,¡Þ,¡Þ,¡Þ,¡Þ,¡Þ,¡Þ,¡Þ,¡Þ,¡Þ,¡Þ,¡Þ,¡Þ,¡Þ,¡Þ,¡Þ,¡Þ,1023,¡Þ,¡Þ,¡Þ,¡Þ,¡Þ,¡Þ,¡Þ,¡Þ,¡Þ,¡Þ,¡Þ,¡Þ,¡Þ,¡Þ,¡Þ,¡Þ,¡Þ,¡Þ,¡Þ,¡Þ,¡Þ,¡Þ,¡Þ,¡Þ,¡Þ,¡Þ,¡Þ,¡Þ,¡Þ,¡Þ,¡Þ,¡Þ,¡Þ,¡Þ,¡Þ,¡Þ,¡Þ,¡Þ,¡Þ,¡Þ,¡Þ,¡Þ,¡Þ,¡Þ,¡Þ,¡Þ,¡Þ,¡Þ,¡Þ,¡Þ,¡Þ,¡Þ,¡Þ,¡Þ,¡Þ,¡Þ,¡Þ,
¡Þ,¡Þ,¡Þ,¡Þ,¡Þ,¡Þ,¡Þ,¡Þ,¡Þ,¡Þ,¡Þ,¡Þ,¡Þ,¡Þ,¡Þ,¡Þ,¡Þ,¡Þ,¡Þ,¡Þ,¡Þ,¡Þ,¡Þ,1218,¡Þ,¡Þ,¡Þ,¡Þ,¡Þ,¡Þ,¡Þ,¡Þ,¡Þ,¡Þ,¡Þ,¡Þ,¡Þ,¡Þ,¡Þ,¡Þ,¡Þ,¡Þ,¡Þ,¡Þ,¡Þ,¡Þ,¡Þ,¡Þ,¡Þ,¡Þ,¡Þ,¡Þ,¡Þ,¡Þ,¡Þ,¡Þ,¡Þ,¡Þ,¡Þ,¡Þ,¡Þ,¡Þ,¡Þ,¡Þ,¡Þ,¡Þ,¡Þ,¡Þ,¡Þ,¡Þ,¡Þ,¡Þ,¡Þ,¡Þ,¡Þ,¡Þ,¡Þ,¡Þ,¡Þ,¡Þ,¡Þ,¡Þ,¡Þ,¡Þ,¡Þ,¡Þ,¡Þ,¡Þ,¡Þ,¡Þ,¡Þ,¡Þ,¡Þ,¡Þ,¡Þ,¡Þ,¡Þ,¡Þ,¡Þ,¡Þ,883,¡Þ,¡Þ,¡Þ,¡Þ,¡Þ,¡Þ,¡Þ,¡Þ,¡Þ,¡Þ,¡Þ,¡Þ,¡Þ,¡Þ,¡Þ,¡Þ,¡Þ,¡Þ,¡Þ,¡Þ,¡Þ,¡Þ,¡Þ,¡Þ,¡Þ,¡Þ,¡Þ,¡Þ,¡Þ,¡Þ,¡Þ,¡Þ,¡Þ,¡Þ,¡Þ,¡Þ,¡Þ,¡Þ,¡Þ,¡Þ,¡Þ,¡Þ,¡Þ,¡Þ,¡Þ,¡Þ,¡Þ,¡Þ,¡Þ,¡Þ,¡Þ,¡Þ,¡Þ,¡Þ,¡Þ,¡Þ,¡Þ,¡Þ,¡Þ,¡Þ,¡Þ,¡Þ,¡Þ,¡Þ,¡Þ,¡Þ,
¡Þ,¡Þ,¡Þ,¡Þ,¡Þ,¡Þ,¡Þ,¡Þ,¡Þ,¡Þ,¡Þ,¡Þ,¡Þ,¡Þ,¡Þ,¡Þ,¡Þ,¡Þ,¡Þ,¡Þ,¡Þ,¡Þ,¡Þ,¡Þ,¡Þ,¡Þ,¡Þ,¡Þ,¡Þ,¡Þ,¡Þ,¡Þ,¡Þ,¡Þ,¡Þ,¡Þ,¡Þ,¡Þ,¡Þ,¡Þ,¡Þ,¡Þ,¡Þ,¡Þ,¡Þ,¡Þ,¡Þ,¡Þ,¡Þ,¡Þ,¡Þ,¡Þ,¡Þ,¡Þ,¡Þ,¡Þ,¡Þ,¡Þ,¡Þ,¡Þ,¡Þ,¡Þ,¡Þ,¡Þ,¡Þ,¡Þ,¡Þ,¡Þ,¡Þ,¡Þ,¡Þ,¡Þ,¡Þ,¡Þ,¡Þ,¡Þ,¡Þ,¡Þ,¡Þ,¡Þ,¡Þ,¡Þ,¡Þ,¡Þ,¡Þ,¡Þ,¡Þ,¡Þ,¡Þ,¡Þ,¡Þ,¡Þ,¡Þ,¡Þ,¡Þ,¡Þ,¡Þ,¡Þ,¡Þ,¡Þ,¡Þ,¡Þ,¡Þ,¡Þ,¡Þ,¡Þ,¡Þ,¡Þ,¡Þ,¡Þ,1100,¡Þ,¡Þ,¡Þ,1382,¡Þ,¡Þ,¡Þ,¡Þ,¡Þ,¡Þ,¡Þ,¡Þ,¡Þ,¡Þ,¡Þ,¡Þ,¡Þ,¡Þ,¡Þ,¡Þ,¡Þ,¡Þ,¡Þ,¡Þ,¡Þ,¡Þ,¡Þ,¡Þ,¡Þ,¡Þ,¡Þ,¡Þ,¡Þ,¡Þ,¡Þ,¡Þ,¡Þ,¡Þ,¡Þ,¡Þ,¡Þ,¡Þ,¡Þ,¡Þ,¡Þ,¡Þ,¡Þ,¡Þ,¡Þ,¡Þ,¡Þ,¡Þ,¡Þ,¡Þ,¡Þ,¡Þ,
¡Þ,¡Þ,¡Þ,¡Þ,¡Þ,¡Þ,¡Þ,¡Þ,¡Þ,¡Þ,¡Þ,¡Þ,¡Þ,¡Þ,¡Þ,¡Þ,¡Þ,¡Þ,¡Þ,¡Þ,¡Þ,¡Þ,¡Þ,¡Þ,¡Þ,¡Þ,¡Þ,¡Þ,¡Þ,¡Þ,¡Þ,¡Þ,¡Þ,¡Þ,¡Þ,¡Þ,¡Þ,¡Þ,¡Þ,¡Þ,¡Þ,¡Þ,¡Þ,¡Þ,¡Þ,¡Þ,¡Þ,¡Þ,¡Þ,¡Þ,¡Þ,¡Þ,¡Þ,¡Þ,¡Þ,¡Þ,¡Þ,¡Þ,¡Þ,¡Þ,¡Þ,1926,¡Þ,¡Þ,¡Þ,¡Þ,¡Þ,¡Þ,¡Þ,¡Þ,¡Þ,¡Þ,¡Þ,¡Þ,¡Þ,¡Þ,¡Þ,¡Þ,¡Þ,¡Þ,¡Þ,¡Þ,¡Þ,¡Þ,¡Þ,¡Þ,¡Þ,¡Þ,¡Þ,¡Þ,¡Þ,¡Þ,¡Þ,¡Þ,¡Þ,¡Þ,¡Þ,¡Þ,¡Þ,¡Þ,¡Þ,¡Þ,¡Þ,¡Þ,¡Þ,¡Þ,¡Þ,¡Þ,¡Þ,¡Þ,¡Þ,¡Þ,¡Þ,¡Þ,780,¡Þ,¡Þ,¡Þ,¡Þ,¡Þ,¡Þ,¡Þ,¡Þ,¡Þ,¡Þ,¡Þ,¡Þ,¡Þ,¡Þ,¡Þ,¡Þ,¡Þ,¡Þ,¡Þ,¡Þ,¡Þ,¡Þ,¡Þ,¡Þ,¡Þ,¡Þ,¡Þ,¡Þ,¡Þ,¡Þ,¡Þ,¡Þ,¡Þ,¡Þ,¡Þ,¡Þ,¡Þ,¡Þ,¡Þ,¡Þ,¡Þ,¡Þ,¡Þ,¡Þ,¡Þ,¡Þ,¡Þ,¡Þ,¡Þ,¡Þ,¡Þ,¡Þ,
¡Þ,¡Þ,¡Þ,¡Þ,¡Þ,¡Þ,¡Þ,¡Þ,¡Þ,¡Þ,¡Þ,¡Þ,¡Þ,¡Þ,¡Þ,¡Þ,¡Þ,¡Þ,¡Þ,¡Þ,¡Þ,¡Þ,¡Þ,¡Þ,¡Þ,¡Þ,¡Þ,¡Þ,¡Þ,¡Þ,¡Þ,¡Þ,1018,¡Þ,¡Þ,¡Þ,¡Þ,¡Þ,¡Þ,¡Þ,¡Þ,¡Þ,¡Þ,¡Þ,¡Þ,¡Þ,¡Þ,¡Þ,¡Þ,¡Þ,¡Þ,¡Þ,¡Þ,¡Þ,¡Þ,¡Þ,¡Þ,¡Þ,¡Þ,¡Þ,¡Þ,¡Þ,¡Þ,¡Þ,¡Þ,¡Þ,¡Þ,¡Þ,¡Þ,¡Þ,¡Þ,1217,¡Þ,¡Þ,¡Þ,¡Þ,¡Þ,¡Þ,¡Þ,¡Þ,¡Þ,¡Þ,¡Þ,¡Þ,¡Þ,¡Þ,¡Þ,¡Þ,¡Þ,¡Þ,¡Þ,¡Þ,¡Þ,¡Þ,¡Þ,¡Þ,¡Þ,¡Þ,¡Þ,¡Þ,¡Þ,¡Þ,¡Þ,¡Þ,¡Þ,¡Þ,¡Þ,¡Þ,¡Þ,¡Þ,¡Þ,¡Þ,¡Þ,¡Þ,¡Þ,¡Þ,¡Þ,¡Þ,¡Þ,¡Þ,¡Þ,¡Þ,¡Þ,¡Þ,¡Þ,¡Þ,¡Þ,¡Þ,¡Þ,¡Þ,¡Þ,¡Þ,¡Þ,¡Þ,¡Þ,¡Þ,¡Þ,¡Þ,¡Þ,¡Þ,¡Þ,¡Þ,¡Þ,¡Þ,¡Þ,¡Þ,¡Þ,¡Þ,¡Þ,¡Þ,¡Þ,¡Þ,¡Þ,¡Þ,¡Þ,¡Þ,¡Þ,¡Þ,¡Þ,¡Þ,¡Þ,¡Þ,¡Þ,¡Þ,¡Þ,¡Þ,¡Þ,
¡Þ,¡Þ,¡Þ,¡Þ,¡Þ,¡Þ,¡Þ,¡Þ,¡Þ,855,¡Þ,¡Þ,¡Þ,¡Þ,¡Þ,¡Þ,¡Þ,¡Þ,¡Þ,¡Þ,¡Þ,¡Þ,¡Þ,¡Þ,¡Þ,¡Þ,¡Þ,¡Þ,¡Þ,¡Þ,¡Þ,¡Þ,¡Þ,¡Þ,¡Þ,¡Þ,¡Þ,¡Þ,¡Þ,¡Þ,¡Þ,¡Þ,¡Þ,¡Þ,¡Þ,¡Þ,¡Þ,¡Þ,¡Þ,¡Þ,¡Þ,¡Þ,¡Þ,¡Þ,¡Þ,¡Þ,¡Þ,¡Þ,¡Þ,¡Þ,¡Þ,¡Þ,¡Þ,¡Þ,¡Þ,¡Þ,¡Þ,¡Þ,¡Þ,¡Þ,¡Þ,¡Þ,¡Þ,¡Þ,¡Þ,¡Þ,¡Þ,¡Þ,¡Þ,¡Þ,¡Þ,¡Þ,¡Þ,¡Þ,¡Þ,¡Þ,¡Þ,¡Þ,¡Þ,¡Þ,¡Þ,¡Þ,¡Þ,¡Þ,¡Þ,¡Þ,¡Þ,¡Þ,¡Þ,¡Þ,1314,¡Þ,¡Þ,¡Þ,¡Þ,¡Þ,¡Þ,¡Þ,¡Þ,¡Þ,¡Þ,¡Þ,¡Þ,¡Þ,¡Þ,¡Þ,¡Þ,¡Þ,¡Þ,¡Þ,¡Þ,¡Þ,¡Þ,¡Þ,¡Þ,¡Þ,¡Þ,¡Þ,¡Þ,¡Þ,¡Þ,¡Þ,¡Þ,¡Þ,¡Þ,¡Þ,¡Þ,¡Þ,¡Þ,¡Þ,¡Þ,¡Þ,¡Þ,¡Þ,¡Þ,¡Þ,¡Þ,¡Þ,¡Þ,¡Þ,¡Þ,¡Þ,¡Þ,¡Þ,¡Þ,¡Þ,¡Þ,¡Þ,¡Þ,¡Þ,¡Þ,¡Þ,¡Þ,¡Þ,¡Þ,¡Þ,¡Þ,
¡Þ,¡Þ,¡Þ,¡Þ,¡Þ,¡Þ,¡Þ,¡Þ,¡Þ,¡Þ,¡Þ,¡Þ,¡Þ,¡Þ,¡Þ,¡Þ,¡Þ,¡Þ,¡Þ,¡Þ,¡Þ,¡Þ,¡Þ,¡Þ,¡Þ,¡Þ,¡Þ,¡Þ,¡Þ,1565,¡Þ,¡Þ,¡Þ,¡Þ,¡Þ,¡Þ,¡Þ,¡Þ,¡Þ,¡Þ,¡Þ,¡Þ,¡Þ,¡Þ,¡Þ,¡Þ,¡Þ,¡Þ,¡Þ,¡Þ,¡Þ,¡Þ,860,¡Þ,¡Þ,¡Þ,¡Þ,¡Þ,¡Þ,¡Þ,¡Þ,¡Þ,¡Þ,¡Þ,¡Þ,¡Þ,¡Þ,¡Þ,¡Þ,¡Þ,¡Þ,¡Þ,¡Þ,¡Þ,¡Þ,¡Þ,¡Þ,¡Þ,¡Þ,¡Þ,¡Þ,¡Þ,¡Þ,¡Þ,¡Þ,¡Þ,¡Þ,¡Þ,¡Þ,¡Þ,¡Þ,¡Þ,¡Þ,¡Þ,¡Þ,¡Þ,¡Þ,¡Þ,¡Þ,¡Þ,¡Þ,¡Þ,¡Þ,¡Þ,¡Þ,¡Þ,¡Þ,¡Þ,¡Þ,¡Þ,¡Þ,¡Þ,¡Þ,¡Þ,¡Þ,¡Þ,¡Þ,¡Þ,¡Þ,¡Þ,¡Þ,¡Þ,¡Þ,¡Þ,¡Þ,¡Þ,¡Þ,¡Þ,¡Þ,¡Þ,¡Þ,¡Þ,¡Þ,¡Þ,¡Þ,¡Þ,¡Þ,¡Þ,¡Þ,¡Þ,¡Þ,¡Þ,¡Þ,¡Þ,¡Þ,¡Þ,¡Þ,¡Þ,¡Þ,¡Þ,¡Þ,¡Þ,¡Þ,¡Þ,¡Þ,¡Þ,¡Þ,¡Þ,¡Þ,¡Þ,¡Þ,¡Þ,¡Þ,¡Þ,¡Þ,¡Þ,¡Þ,
¡Þ,¡Þ,¡Þ,¡Þ,¡Þ,¡Þ,¡Þ,¡Þ,¡Þ,¡Þ,¡Þ,¡Þ,¡Þ,¡Þ,¡Þ,¡Þ,¡Þ,¡Þ,¡Þ,¡Þ,¡Þ,¡Þ,¡Þ,¡Þ,¡Þ,¡Þ,¡Þ,¡Þ,¡Þ,¡Þ,¡Þ,¡Þ,¡Þ,¡Þ,¡Þ,¡Þ,¡Þ,¡Þ,¡Þ,¡Þ,¡Þ,¡Þ,¡Þ,¡Þ,¡Þ,¡Þ,¡Þ,¡Þ,¡Þ,¡Þ,¡Þ,¡Þ,¡Þ,¡Þ,¡Þ,¡Þ,¡Þ,¡Þ,¡Þ,¡Þ,¡Þ,¡Þ,¡Þ,¡Þ,¡Þ,¡Þ,¡Þ,¡Þ,¡Þ,¡Þ,¡Þ,¡Þ,¡Þ,¡Þ,¡Þ,¡Þ,¡Þ,¡Þ,¡Þ,¡Þ,¡Þ,¡Þ,¡Þ,¡Þ,¡Þ,¡Þ,¡Þ,¡Þ,¡Þ,¡Þ,¡Þ,¡Þ,¡Þ,¡Þ,¡Þ,¡Þ,¡Þ,¡Þ,¡Þ,¡Þ,¡Þ,¡Þ,¡Þ,¡Þ,¡Þ,¡Þ,¡Þ,¡Þ,¡Þ,¡Þ,¡Þ,¡Þ,¡Þ,¡Þ,¡Þ,¡Þ,¡Þ,¡Þ,¡Þ,¡Þ,¡Þ,¡Þ,¡Þ,¡Þ,¡Þ,¡Þ,¡Þ,¡Þ,¡Þ,¡Þ,¡Þ,¡Þ,¡Þ,¡Þ,¡Þ,¡Þ,¡Þ,¡Þ,¡Þ,¡Þ,¡Þ,937,¡Þ,¡Þ,¡Þ,¡Þ,¡Þ,¡Þ,¡Þ,¡Þ,¡Þ,¡Þ,¡Þ,¡Þ,2662,¡Þ,¡Þ,¡Þ,¡Þ,¡Þ,¡Þ,¡Þ,¡Þ,¡Þ,¡Þ,¡Þ,¡Þ,
¡Þ,¡Þ,¡Þ,¡Þ,¡Þ,¡Þ,¡Þ,¡Þ,¡Þ,¡Þ,¡Þ,¡Þ,¡Þ,¡Þ,¡Þ,¡Þ,¡Þ,¡Þ,¡Þ,¡Þ,¡Þ,¡Þ,¡Þ,¡Þ,¡Þ,¡Þ,3914,¡Þ,¡Þ,¡Þ,¡Þ,¡Þ,¡Þ,¡Þ,¡Þ,¡Þ,¡Þ,¡Þ,¡Þ,¡Þ,¡Þ,¡Þ,¡Þ,¡Þ,¡Þ,¡Þ,¡Þ,¡Þ,¡Þ,¡Þ,¡Þ,¡Þ,¡Þ,¡Þ,¡Þ,¡Þ,¡Þ,¡Þ,¡Þ,¡Þ,¡Þ,¡Þ,¡Þ,¡Þ,¡Þ,¡Þ,¡Þ,¡Þ,¡Þ,¡Þ,¡Þ,¡Þ,¡Þ,¡Þ,¡Þ,¡Þ,¡Þ,¡Þ,¡Þ,¡Þ,¡Þ,¡Þ,¡Þ,¡Þ,¡Þ,¡Þ,¡Þ,¡Þ,¡Þ,¡Þ,¡Þ,¡Þ,¡Þ,¡Þ,¡Þ,¡Þ,¡Þ,¡Þ,¡Þ,¡Þ,¡Þ,¡Þ,¡Þ,¡Þ,¡Þ,¡Þ,¡Þ,¡Þ,¡Þ,¡Þ,¡Þ,¡Þ,¡Þ,¡Þ,¡Þ,¡Þ,¡Þ,¡Þ,¡Þ,¡Þ,¡Þ,¡Þ,¡Þ,¡Þ,¡Þ,¡Þ,¡Þ,¡Þ,¡Þ,¡Þ,¡Þ,1367,¡Þ,¡Þ,¡Þ,¡Þ,¡Þ,¡Þ,¡Þ,¡Þ,¡Þ,¡Þ,¡Þ,¡Þ,¡Þ,¡Þ,¡Þ,¡Þ,¡Þ,¡Þ,¡Þ,¡Þ,¡Þ,¡Þ,¡Þ,¡Þ,¡Þ,¡Þ,¡Þ,¡Þ,¡Þ,¡Þ,¡Þ,¡Þ,¡Þ,¡Þ,¡Þ,
¡Þ,¡Þ,¡Þ,¡Þ,¡Þ,¡Þ,¡Þ,¡Þ,¡Þ,¡Þ,¡Þ,¡Þ,¡Þ,¡Þ,¡Þ,¡Þ,¡Þ,¡Þ,¡Þ,¡Þ,¡Þ,¡Þ,¡Þ,¡Þ,¡Þ,¡Þ,¡Þ,¡Þ,¡Þ,¡Þ,¡Þ,¡Þ,¡Þ,¡Þ,¡Þ,¡Þ,¡Þ,¡Þ,¡Þ,¡Þ,¡Þ,¡Þ,¡Þ,¡Þ,¡Þ,¡Þ,¡Þ,¡Þ,¡Þ,¡Þ,¡Þ,¡Þ,¡Þ,¡Þ,¡Þ,¡Þ,¡Þ,¡Þ,¡Þ,¡Þ,¡Þ,¡Þ,¡Þ,¡Þ,¡Þ,¡Þ,¡Þ,¡Þ,¡Þ,¡Þ,1334,¡Þ,¡Þ,¡Þ,¡Þ,¡Þ,¡Þ,¡Þ,¡Þ,¡Þ,¡Þ,¡Þ,¡Þ,¡Þ,¡Þ,¡Þ,¡Þ,¡Þ,¡Þ,¡Þ,¡Þ,¡Þ,¡Þ,¡Þ,¡Þ,1287,¡Þ,¡Þ,¡Þ,¡Þ,¡Þ,¡Þ,¡Þ,¡Þ,¡Þ,¡Þ,¡Þ,¡Þ,¡Þ,¡Þ,¡Þ,¡Þ,¡Þ,¡Þ,¡Þ,¡Þ,¡Þ,¡Þ,¡Þ,¡Þ,¡Þ,¡Þ,¡Þ,¡Þ,¡Þ,¡Þ,¡Þ,¡Þ,¡Þ,¡Þ,¡Þ,¡Þ,¡Þ,¡Þ,¡Þ,¡Þ,¡Þ,¡Þ,¡Þ,¡Þ,¡Þ,¡Þ,¡Þ,¡Þ,¡Þ,¡Þ,¡Þ,¡Þ,¡Þ,¡Þ,¡Þ,¡Þ,¡Þ,¡Þ,¡Þ,¡Þ,¡Þ,¡Þ,¡Þ,¡Þ,¡Þ,¡Þ,¡Þ,¡Þ,¡Þ,¡Þ,¡Þ,
¡Þ,¡Þ,¡Þ,¡Þ,¡Þ,¡Þ,¡Þ,¡Þ,¡Þ,¡Þ,¡Þ,¡Þ,¡Þ,¡Þ,¡Þ,¡Þ,¡Þ,¡Þ,¡Þ,¡Þ,¡Þ,¡Þ,¡Þ,¡Þ,¡Þ,¡Þ,¡Þ,¡Þ,¡Þ,¡Þ,¡Þ,¡Þ,¡Þ,¡Þ,¡Þ,¡Þ,¡Þ,¡Þ,¡Þ,¡Þ,¡Þ,¡Þ,¡Þ,¡Þ,¡Þ,¡Þ,¡Þ,¡Þ,¡Þ,¡Þ,¡Þ,¡Þ,¡Þ,¡Þ,¡Þ,¡Þ,¡Þ,¡Þ,¡Þ,¡Þ,¡Þ,¡Þ,¡Þ,¡Þ,¡Þ,¡Þ,¡Þ,¡Þ,¡Þ,¡Þ,¡Þ,¡Þ,¡Þ,¡Þ,¡Þ,¡Þ,¡Þ,¡Þ,¡Þ,¡Þ,¡Þ,¡Þ,¡Þ,¡Þ,¡Þ,¡Þ,1299,¡Þ,¡Þ,¡Þ,¡Þ,¡Þ,¡Þ,¡Þ,¡Þ,¡Þ,¡Þ,¡Þ,¡Þ,¡Þ,¡Þ,¡Þ,¡Þ,¡Þ,¡Þ,2009,¡Þ,¡Þ,¡Þ,¡Þ,¡Þ,¡Þ,¡Þ,¡Þ,¡Þ,¡Þ,¡Þ,¡Þ,¡Þ,¡Þ,¡Þ,¡Þ,¡Þ,¡Þ,¡Þ,¡Þ,¡Þ,¡Þ,¡Þ,¡Þ,¡Þ,¡Þ,¡Þ,¡Þ,¡Þ,¡Þ,¡Þ,¡Þ,¡Þ,¡Þ,¡Þ,¡Þ,¡Þ,¡Þ,¡Þ,¡Þ,¡Þ,¡Þ,¡Þ,¡Þ,¡Þ,¡Þ,¡Þ,¡Þ,¡Þ,¡Þ,¡Þ,¡Þ,¡Þ,¡Þ,¡Þ,¡Þ,¡Þ,¡Þ,¡Þ,¡Þ,¡Þ,
¡Þ,¡Þ,¡Þ,¡Þ,¡Þ,¡Þ,¡Þ,¡Þ,¡Þ,¡Þ,¡Þ,¡Þ,¡Þ,¡Þ,¡Þ,¡Þ,¡Þ,¡Þ,¡Þ,¡Þ,¡Þ,¡Þ,¡Þ,¡Þ,¡Þ,¡Þ,¡Þ,¡Þ,¡Þ,¡Þ,¡Þ,¡Þ,¡Þ,¡Þ,¡Þ,¡Þ,¡Þ,¡Þ,¡Þ,¡Þ,¡Þ,¡Þ,¡Þ,¡Þ,¡Þ,¡Þ,¡Þ,¡Þ,¡Þ,¡Þ,¡Þ,¡Þ,¡Þ,¡Þ,¡Þ,¡Þ,¡Þ,¡Þ,¡Þ,¡Þ,¡Þ,¡Þ,¡Þ,¡Þ,¡Þ,¡Þ,¡Þ,¡Þ,¡Þ,¡Þ,¡Þ,¡Þ,¡Þ,¡Þ,¡Þ,¡Þ,¡Þ,¡Þ,¡Þ,¡Þ,¡Þ,¡Þ,¡Þ,¡Þ,¡Þ,¡Þ,¡Þ,¡Þ,¡Þ,¡Þ,¡Þ,¡Þ,¡Þ,¡Þ,¡Þ,¡Þ,¡Þ,¡Þ,¡Þ,¡Þ,¡Þ,¡Þ,¡Þ,¡Þ,¡Þ,¡Þ,¡Þ,¡Þ,¡Þ,¡Þ,¡Þ,¡Þ,¡Þ,¡Þ,¡Þ,¡Þ,¡Þ,¡Þ,¡Þ,¡Þ,¡Þ,¡Þ,¡Þ,¡Þ,¡Þ,¡Þ,¡Þ,¡Þ,¡Þ,¡Þ,¡Þ,¡Þ,¡Þ,¡Þ,¡Þ,843,¡Þ,¡Þ,¡Þ,¡Þ,¡Þ,¡Þ,¡Þ,¡Þ,¡Þ,¡Þ,¡Þ,¡Þ,¡Þ,¡Þ,¡Þ,¡Þ,¡Þ,¡Þ,¡Þ,¡Þ,¡Þ,¡Þ,¡Þ,¡Þ,¡Þ,¡Þ,¡Þ,¡Þ,1579,¡Þ,¡Þ,
¡Þ,¡Þ,¡Þ,¡Þ,¡Þ,¡Þ,¡Þ,¡Þ,¡Þ,¡Þ,¡Þ,¡Þ,¡Þ,¡Þ,¡Þ,¡Þ,¡Þ,¡Þ,¡Þ,¡Þ,¡Þ,¡Þ,¡Þ,¡Þ,¡Þ,¡Þ,¡Þ,¡Þ,¡Þ,¡Þ,¡Þ,¡Þ,¡Þ,¡Þ,¡Þ,¡Þ,¡Þ,¡Þ,¡Þ,¡Þ,¡Þ,¡Þ,¡Þ,¡Þ,¡Þ,¡Þ,¡Þ,¡Þ,¡Þ,¡Þ,¡Þ,¡Þ,¡Þ,¡Þ,¡Þ,¡Þ,¡Þ,¡Þ,¡Þ,¡Þ,¡Þ,¡Þ,¡Þ,¡Þ,¡Þ,¡Þ,¡Þ,¡Þ,¡Þ,¡Þ,¡Þ,¡Þ,¡Þ,¡Þ,¡Þ,¡Þ,¡Þ,¡Þ,¡Þ,¡Þ,¡Þ,¡Þ,¡Þ,¡Þ,1299,¡Þ,¡Þ,¡Þ,¡Þ,¡Þ,¡Þ,¡Þ,¡Þ,¡Þ,¡Þ,¡Þ,¡Þ,¡Þ,¡Þ,¡Þ,¡Þ,¡Þ,¡Þ,¡Þ,¡Þ,¡Þ,¡Þ,¡Þ,¡Þ,¡Þ,¡Þ,¡Þ,¡Þ,1063,¡Þ,¡Þ,¡Þ,¡Þ,¡Þ,¡Þ,¡Þ,¡Þ,¡Þ,¡Þ,¡Þ,¡Þ,¡Þ,¡Þ,¡Þ,¡Þ,¡Þ,¡Þ,¡Þ,¡Þ,¡Þ,¡Þ,¡Þ,¡Þ,¡Þ,¡Þ,¡Þ,¡Þ,¡Þ,¡Þ,¡Þ,¡Þ,¡Þ,¡Þ,¡Þ,¡Þ,¡Þ,¡Þ,¡Þ,¡Þ,¡Þ,¡Þ,¡Þ,¡Þ,¡Þ,¡Þ,¡Þ,¡Þ,¡Þ,¡Þ,¡Þ,¡Þ,¡Þ,
¡Þ,¡Þ,¡Þ,¡Þ,¡Þ,¡Þ,¡Þ,¡Þ,¡Þ,¡Þ,¡Þ,¡Þ,¡Þ,¡Þ,¡Þ,¡Þ,¡Þ,¡Þ,¡Þ,¡Þ,¡Þ,¡Þ,¡Þ,¡Þ,¡Þ,¡Þ,¡Þ,¡Þ,¡Þ,¡Þ,¡Þ,¡Þ,¡Þ,¡Þ,¡Þ,¡Þ,¡Þ,¡Þ,¡Þ,¡Þ,¡Þ,¡Þ,¡Þ,¡Þ,¡Þ,¡Þ,¡Þ,786,¡Þ,¡Þ,¡Þ,¡Þ,¡Þ,¡Þ,¡Þ,¡Þ,¡Þ,¡Þ,¡Þ,¡Þ,¡Þ,¡Þ,¡Þ,¡Þ,¡Þ,¡Þ,¡Þ,¡Þ,¡Þ,¡Þ,¡Þ,¡Þ,¡Þ,¡Þ,¡Þ,¡Þ,¡Þ,¡Þ,¡Þ,¡Þ,¡Þ,¡Þ,¡Þ,¡Þ,¡Þ,¡Þ,¡Þ,¡Þ,¡Þ,¡Þ,¡Þ,¡Þ,¡Þ,¡Þ,¡Þ,¡Þ,¡Þ,¡Þ,¡Þ,¡Þ,¡Þ,¡Þ,¡Þ,¡Þ,¡Þ,¡Þ,928,¡Þ,¡Þ,¡Þ,¡Þ,¡Þ,¡Þ,¡Þ,¡Þ,¡Þ,¡Þ,¡Þ,¡Þ,¡Þ,¡Þ,¡Þ,¡Þ,¡Þ,¡Þ,¡Þ,¡Þ,¡Þ,¡Þ,¡Þ,¡Þ,¡Þ,¡Þ,¡Þ,¡Þ,¡Þ,¡Þ,¡Þ,¡Þ,¡Þ,¡Þ,¡Þ,¡Þ,¡Þ,¡Þ,¡Þ,¡Þ,¡Þ,¡Þ,¡Þ,¡Þ,¡Þ,¡Þ,¡Þ,¡Þ,¡Þ,¡Þ,¡Þ,¡Þ,¡Þ,¡Þ,¡Þ,¡Þ,¡Þ,¡Þ,¡Þ,¡Þ,
¡Þ,¡Þ,¡Þ,¡Þ,¡Þ,¡Þ,¡Þ,¡Þ,¡Þ,¡Þ,¡Þ,¡Þ,¡Þ,¡Þ,¡Þ,¡Þ,¡Þ,¡Þ,¡Þ,¡Þ,¡Þ,¡Þ,¡Þ,¡Þ,¡Þ,¡Þ,¡Þ,¡Þ,¡Þ,¡Þ,¡Þ,¡Þ,¡Þ,¡Þ,¡Þ,¡Þ,¡Þ,¡Þ,¡Þ,¡Þ,816,¡Þ,¡Þ,¡Þ,¡Þ,¡Þ,¡Þ,¡Þ,¡Þ,¡Þ,¡Þ,¡Þ,¡Þ,¡Þ,¡Þ,¡Þ,¡Þ,¡Þ,¡Þ,¡Þ,¡Þ,¡Þ,¡Þ,¡Þ,¡Þ,¡Þ,¡Þ,¡Þ,¡Þ,¡Þ,¡Þ,¡Þ,¡Þ,¡Þ,¡Þ,¡Þ,¡Þ,¡Þ,¡Þ,¡Þ,¡Þ,¡Þ,¡Þ,¡Þ,¡Þ,¡Þ,¡Þ,¡Þ,¡Þ,¡Þ,¡Þ,¡Þ,¡Þ,¡Þ,¡Þ,¡Þ,¡Þ,¡Þ,¡Þ,¡Þ,¡Þ,¡Þ,¡Þ,¡Þ,¡Þ,¡Þ,¡Þ,¡Þ,¡Þ,¡Þ,¡Þ,¡Þ,¡Þ,¡Þ,¡Þ,¡Þ,¡Þ,¡Þ,¡Þ,¡Þ,¡Þ,¡Þ,¡Þ,¡Þ,¡Þ,¡Þ,¡Þ,¡Þ,¡Þ,¡Þ,¡Þ,¡Þ,¡Þ,¡Þ,¡Þ,¡Þ,¡Þ,¡Þ,¡Þ,¡Þ,¡Þ,¡Þ,¡Þ,¡Þ,¡Þ,¡Þ,¡Þ,¡Þ,¡Þ,¡Þ,¡Þ,¡Þ,¡Þ,¡Þ,¡Þ,¡Þ,¡Þ,¡Þ,¡Þ,¡Þ,¡Þ,¡Þ,¡Þ,¡Þ,¡Þ,¡Þ,¡Þ,
¡Þ,¡Þ,¡Þ,¡Þ,¡Þ,¡Þ,¡Þ,¡Þ,¡Þ,¡Þ,¡Þ,¡Þ,¡Þ,¡Þ,¡Þ,¡Þ,¡Þ,¡Þ,¡Þ,¡Þ,¡Þ,¡Þ,¡Þ,¡Þ,¡Þ,¡Þ,¡Þ,¡Þ,¡Þ,¡Þ,¡Þ,¡Þ,¡Þ,¡Þ,¡Þ,¡Þ,¡Þ,¡Þ,¡Þ,¡Þ,¡Þ,¡Þ,¡Þ,¡Þ,¡Þ,¡Þ,¡Þ,¡Þ,¡Þ,¡Þ,¡Þ,¡Þ,¡Þ,¡Þ,¡Þ,¡Þ,¡Þ,¡Þ,¡Þ,¡Þ,¡Þ,¡Þ,¡Þ,¡Þ,¡Þ,¡Þ,¡Þ,¡Þ,¡Þ,¡Þ,¡Þ,¡Þ,¡Þ,¡Þ,¡Þ,¡Þ,¡Þ,¡Þ,¡Þ,¡Þ,¡Þ,¡Þ,¡Þ,¡Þ,¡Þ,¡Þ,¡Þ,¡Þ,¡Þ,¡Þ,¡Þ,¡Þ,¡Þ,¡Þ,¡Þ,¡Þ,¡Þ,¡Þ,¡Þ,¡Þ,¡Þ,¡Þ,¡Þ,¡Þ,¡Þ,¡Þ,¡Þ,1732,¡Þ,¡Þ,¡Þ,¡Þ,¡Þ,¡Þ,¡Þ,¡Þ,¡Þ,¡Þ,¡Þ,¡Þ,¡Þ,¡Þ,¡Þ,¡Þ,¡Þ,¡Þ,¡Þ,¡Þ,¡Þ,¡Þ,¡Þ,¡Þ,¡Þ,1671,¡Þ,¡Þ,¡Þ,¡Þ,¡Þ,¡Þ,¡Þ,¡Þ,¡Þ,¡Þ,¡Þ,¡Þ,¡Þ,¡Þ,¡Þ,¡Þ,¡Þ,¡Þ,¡Þ,¡Þ,¡Þ,¡Þ,¡Þ,¡Þ,¡Þ,¡Þ,¡Þ,¡Þ,¡Þ,¡Þ,¡Þ,¡Þ,¡Þ,
¡Þ,¡Þ,¡Þ,¡Þ,¡Þ,¡Þ,¡Þ,¡Þ,¡Þ,¡Þ,¡Þ,¡Þ,¡Þ,¡Þ,¡Þ,¡Þ,¡Þ,¡Þ,¡Þ,¡Þ,¡Þ,¡Þ,¡Þ,¡Þ,¡Þ,¡Þ,¡Þ,¡Þ,¡Þ,¡Þ,¡Þ,¡Þ,¡Þ,¡Þ,¡Þ,¡Þ,¡Þ,¡Þ,¡Þ,¡Þ,¡Þ,¡Þ,¡Þ,¡Þ,¡Þ,¡Þ,¡Þ,¡Þ,¡Þ,¡Þ,¡Þ,¡Þ,¡Þ,¡Þ,¡Þ,¡Þ,¡Þ,¡Þ,¡Þ,¡Þ,¡Þ,¡Þ,¡Þ,¡Þ,¡Þ,¡Þ,¡Þ,¡Þ,¡Þ,¡Þ,¡Þ,¡Þ,¡Þ,¡Þ,¡Þ,¡Þ,¡Þ,¡Þ,¡Þ,¡Þ,¡Þ,¡Þ,¡Þ,¡Þ,¡Þ,¡Þ,¡Þ,¡Þ,¡Þ,¡Þ,¡Þ,¡Þ,¡Þ,¡Þ,¡Þ,¡Þ,¡Þ,¡Þ,¡Þ,¡Þ,¡Þ,¡Þ,¡Þ,¡Þ,¡Þ,¡Þ,¡Þ,¡Þ,¡Þ,¡Þ,736,¡Þ,¡Þ,¡Þ,¡Þ,¡Þ,¡Þ,¡Þ,¡Þ,¡Þ,¡Þ,¡Þ,¡Þ,¡Þ,¡Þ,¡Þ,¡Þ,¡Þ,¡Þ,¡Þ,¡Þ,¡Þ,¡Þ,¡Þ,¡Þ,¡Þ,¡Þ,¡Þ,¡Þ,¡Þ,¡Þ,¡Þ,¡Þ,¡Þ,1235,¡Þ,¡Þ,¡Þ,¡Þ,¡Þ,¡Þ,¡Þ,¡Þ,¡Þ,¡Þ,¡Þ,¡Þ,¡Þ,¡Þ,¡Þ,¡Þ,¡Þ,¡Þ,¡Þ,¡Þ,¡Þ,¡Þ,
¡Þ,¡Þ,¡Þ,¡Þ,¡Þ,¡Þ,¡Þ,¡Þ,¡Þ,¡Þ,¡Þ,¡Þ,¡Þ,¡Þ,¡Þ,¡Þ,¡Þ,¡Þ,¡Þ,¡Þ,¡Þ,¡Þ,¡Þ,¡Þ,¡Þ,¡Þ,¡Þ,¡Þ,¡Þ,¡Þ,¡Þ,¡Þ,¡Þ,¡Þ,¡Þ,¡Þ,¡Þ,¡Þ,¡Þ,¡Þ,¡Þ,¡Þ,¡Þ,¡Þ,¡Þ,¡Þ,¡Þ,¡Þ,¡Þ,¡Þ,¡Þ,¡Þ,¡Þ,¡Þ,¡Þ,¡Þ,¡Þ,¡Þ,¡Þ,¡Þ,¡Þ,¡Þ,¡Þ,¡Þ,¡Þ,¡Þ,¡Þ,¡Þ,¡Þ,¡Þ,¡Þ,942,¡Þ,¡Þ,¡Þ,¡Þ,¡Þ,¡Þ,¡Þ,¡Þ,¡Þ,¡Þ,¡Þ,¡Þ,¡Þ,¡Þ,¡Þ,¡Þ,¡Þ,¡Þ,¡Þ,¡Þ,¡Þ,¡Þ,¡Þ,¡Þ,¡Þ,¡Þ,¡Þ,¡Þ,¡Þ,¡Þ,¡Þ,¡Þ,¡Þ,¡Þ,¡Þ,¡Þ,¡Þ,¡Þ,¡Þ,¡Þ,¡Þ,¡Þ,¡Þ,¡Þ,¡Þ,¡Þ,¡Þ,¡Þ,¡Þ,¡Þ,¡Þ,¡Þ,¡Þ,¡Þ,¡Þ,¡Þ,¡Þ,¡Þ,¡Þ,¡Þ,¡Þ,¡Þ,¡Þ,¡Þ,¡Þ,¡Þ,¡Þ,¡Þ,¡Þ,¡Þ,¡Þ,¡Þ,829,¡Þ,¡Þ,¡Þ,¡Þ,¡Þ,¡Þ,¡Þ,¡Þ,¡Þ,¡Þ,¡Þ,¡Þ,¡Þ,¡Þ,¡Þ,¡Þ,¡Þ,¡Þ,¡Þ,¡Þ,¡Þ,¡Þ,
¡Þ,¡Þ,¡Þ,988,¡Þ,¡Þ,¡Þ,¡Þ,¡Þ,¡Þ,¡Þ,¡Þ,¡Þ,¡Þ,¡Þ,¡Þ,¡Þ,¡Þ,¡Þ,¡Þ,¡Þ,¡Þ,¡Þ,¡Þ,¡Þ,¡Þ,¡Þ,¡Þ,¡Þ,¡Þ,¡Þ,¡Þ,¡Þ,¡Þ,¡Þ,¡Þ,¡Þ,¡Þ,¡Þ,¡Þ,¡Þ,¡Þ,¡Þ,¡Þ,¡Þ,¡Þ,¡Þ,¡Þ,¡Þ,¡Þ,¡Þ,¡Þ,¡Þ,¡Þ,¡Þ,¡Þ,¡Þ,¡Þ,¡Þ,¡Þ,¡Þ,¡Þ,¡Þ,¡Þ,¡Þ,¡Þ,¡Þ,¡Þ,¡Þ,¡Þ,¡Þ,¡Þ,¡Þ,¡Þ,¡Þ,¡Þ,¡Þ,¡Þ,¡Þ,¡Þ,¡Þ,¡Þ,¡Þ,¡Þ,¡Þ,¡Þ,¡Þ,¡Þ,¡Þ,¡Þ,¡Þ,¡Þ,¡Þ,¡Þ,¡Þ,¡Þ,¡Þ,¡Þ,¡Þ,¡Þ,¡Þ,¡Þ,¡Þ,¡Þ,¡Þ,¡Þ,¡Þ,¡Þ,¡Þ,¡Þ,2998,¡Þ,¡Þ,¡Þ,¡Þ,¡Þ,¡Þ,¡Þ,¡Þ,¡Þ,¡Þ,¡Þ,¡Þ,¡Þ,¡Þ,¡Þ,¡Þ,¡Þ,¡Þ,¡Þ,¡Þ,¡Þ,¡Þ,¡Þ,¡Þ,¡Þ,¡Þ,¡Þ,¡Þ,¡Þ,¡Þ,¡Þ,¡Þ,¡Þ,¡Þ,¡Þ,¡Þ,¡Þ,¡Þ,¡Þ,¡Þ,¡Þ,¡Þ,¡Þ,¡Þ,¡Þ,¡Þ,¡Þ,¡Þ,¡Þ,¡Þ,¡Þ,¡Þ,¡Þ,¡Þ,¡Þ,¡Þ,
¡Þ,¡Þ,¡Þ,¡Þ,¡Þ,¡Þ,¡Þ,¡Þ,¡Þ,¡Þ,¡Þ,¡Þ,¡Þ,¡Þ,¡Þ,¡Þ,¡Þ,¡Þ,¡Þ,¡Þ,¡Þ,¡Þ,¡Þ,¡Þ,¡Þ,¡Þ,¡Þ,¡Þ,¡Þ,¡Þ,¡Þ,¡Þ,¡Þ,¡Þ,¡Þ,¡Þ,¡Þ,¡Þ,¡Þ,¡Þ,¡Þ,¡Þ,¡Þ,¡Þ,¡Þ,¡Þ,¡Þ,¡Þ,¡Þ,¡Þ,¡Þ,¡Þ,¡Þ,¡Þ,¡Þ,¡Þ,¡Þ,¡Þ,¡Þ,¡Þ,¡Þ,¡Þ,¡Þ,¡Þ,¡Þ,¡Þ,¡Þ,¡Þ,¡Þ,¡Þ,¡Þ,¡Þ,¡Þ,¡Þ,¡Þ,¡Þ,¡Þ,¡Þ,¡Þ,¡Þ,¡Þ,¡Þ,¡Þ,¡Þ,¡Þ,¡Þ,¡Þ,¡Þ,¡Þ,¡Þ,¡Þ,¡Þ,¡Þ,¡Þ,¡Þ,¡Þ,¡Þ,¡Þ,¡Þ,¡Þ,¡Þ,¡Þ,¡Þ,¡Þ,¡Þ,¡Þ,¡Þ,¡Þ,¡Þ,¡Þ,¡Þ,¡Þ,¡Þ,¡Þ,¡Þ,¡Þ,¡Þ,¡Þ,¡Þ,1335,¡Þ,¡Þ,¡Þ,¡Þ,¡Þ,¡Þ,¡Þ,¡Þ,¡Þ,¡Þ,¡Þ,¡Þ,¡Þ,¡Þ,¡Þ,¡Þ,¡Þ,¡Þ,¡Þ,¡Þ,2333,¡Þ,¡Þ,¡Þ,¡Þ,¡Þ,¡Þ,¡Þ,¡Þ,¡Þ,¡Þ,¡Þ,¡Þ,¡Þ,¡Þ,¡Þ,¡Þ,¡Þ,¡Þ,¡Þ,¡Þ,¡Þ,¡Þ,¡Þ,¡Þ,¡Þ,¡Þ,
¡Þ,¡Þ,¡Þ,¡Þ,¡Þ,¡Þ,¡Þ,¡Þ,¡Þ,¡Þ,¡Þ,¡Þ,¡Þ,1096,¡Þ,¡Þ,¡Þ,¡Þ,¡Þ,¡Þ,¡Þ,1137,¡Þ,¡Þ,¡Þ,¡Þ,¡Þ,¡Þ,¡Þ,¡Þ,¡Þ,¡Þ,¡Þ,¡Þ,¡Þ,¡Þ,¡Þ,¡Þ,¡Þ,¡Þ,¡Þ,¡Þ,¡Þ,¡Þ,¡Þ,¡Þ,¡Þ,¡Þ,¡Þ,¡Þ,¡Þ,¡Þ,¡Þ,¡Þ,¡Þ,¡Þ,¡Þ,¡Þ,¡Þ,¡Þ,¡Þ,¡Þ,¡Þ,¡Þ,¡Þ,¡Þ,¡Þ,¡Þ,¡Þ,¡Þ,¡Þ,¡Þ,¡Þ,¡Þ,¡Þ,¡Þ,¡Þ,¡Þ,¡Þ,¡Þ,¡Þ,¡Þ,¡Þ,¡Þ,¡Þ,¡Þ,¡Þ,¡Þ,¡Þ,¡Þ,¡Þ,¡Þ,¡Þ,¡Þ,¡Þ,¡Þ,¡Þ,¡Þ,¡Þ,¡Þ,¡Þ,¡Þ,¡Þ,¡Þ,¡Þ,¡Þ,¡Þ,¡Þ,¡Þ,¡Þ,¡Þ,¡Þ,¡Þ,¡Þ,¡Þ,¡Þ,¡Þ,¡Þ,¡Þ,¡Þ,¡Þ,¡Þ,¡Þ,¡Þ,¡Þ,¡Þ,¡Þ,¡Þ,¡Þ,¡Þ,¡Þ,¡Þ,¡Þ,¡Þ,¡Þ,¡Þ,¡Þ,¡Þ,¡Þ,¡Þ,¡Þ,¡Þ,¡Þ,¡Þ,¡Þ,¡Þ,¡Þ,¡Þ,¡Þ,¡Þ,¡Þ,¡Þ,¡Þ,¡Þ,¡Þ,¡Þ,¡Þ,¡Þ,¡Þ,¡Þ,¡Þ,¡Þ,¡Þ,¡Þ,¡Þ,¡Þ,¡Þ,
¡Þ,¡Þ,¡Þ,¡Þ,¡Þ,¡Þ,¡Þ,¡Þ,¡Þ,¡Þ,¡Þ,¡Þ,¡Þ,¡Þ,¡Þ,¡Þ,¡Þ,¡Þ,¡Þ,¡Þ,¡Þ,¡Þ,¡Þ,¡Þ,¡Þ,¡Þ,¡Þ,¡Þ,¡Þ,¡Þ,¡Þ,¡Þ,¡Þ,¡Þ,¡Þ,¡Þ,¡Þ,¡Þ,¡Þ,¡Þ,¡Þ,¡Þ,¡Þ,¡Þ,¡Þ,¡Þ,¡Þ,¡Þ,¡Þ,¡Þ,¡Þ,¡Þ,¡Þ,¡Þ,¡Þ,¡Þ,¡Þ,¡Þ,¡Þ,¡Þ,¡Þ,¡Þ,¡Þ,¡Þ,¡Þ,¡Þ,¡Þ,¡Þ,¡Þ,¡Þ,¡Þ,¡Þ,¡Þ,¡Þ,¡Þ,¡Þ,¡Þ,¡Þ,¡Þ,¡Þ,¡Þ,¡Þ,¡Þ,1287,¡Þ,¡Þ,¡Þ,¡Þ,¡Þ,¡Þ,¡Þ,¡Þ,¡Þ,¡Þ,¡Þ,¡Þ,¡Þ,¡Þ,¡Þ,¡Þ,¡Þ,¡Þ,¡Þ,¡Þ,¡Þ,¡Þ,¡Þ,¡Þ,¡Þ,¡Þ,¡Þ,¡Þ,¡Þ,¡Þ,¡Þ,¡Þ,¡Þ,¡Þ,¡Þ,¡Þ,¡Þ,¡Þ,¡Þ,¡Þ,¡Þ,1431,¡Þ,¡Þ,¡Þ,¡Þ,¡Þ,¡Þ,¡Þ,¡Þ,¡Þ,¡Þ,¡Þ,¡Þ,¡Þ,¡Þ,¡Þ,¡Þ,¡Þ,¡Þ,¡Þ,¡Þ,¡Þ,¡Þ,¡Þ,¡Þ,¡Þ,¡Þ,¡Þ,¡Þ,¡Þ,¡Þ,¡Þ,¡Þ,¡Þ,¡Þ,¡Þ,¡Þ,¡Þ,¡Þ,¡Þ,¡Þ,¡Þ,
¡Þ,¡Þ,¡Þ,¡Þ,¡Þ,¡Þ,¡Þ,¡Þ,¡Þ,¡Þ,¡Þ,¡Þ,¡Þ,¡Þ,¡Þ,¡Þ,¡Þ,¡Þ,¡Þ,¡Þ,¡Þ,¡Þ,¡Þ,¡Þ,¡Þ,¡Þ,¡Þ,¡Þ,¡Þ,¡Þ,¡Þ,¡Þ,¡Þ,¡Þ,¡Þ,¡Þ,¡Þ,¡Þ,¡Þ,¡Þ,¡Þ,¡Þ,¡Þ,¡Þ,¡Þ,¡Þ,¡Þ,¡Þ,¡Þ,¡Þ,¡Þ,¡Þ,¡Þ,1968,¡Þ,¡Þ,¡Þ,¡Þ,¡Þ,¡Þ,¡Þ,¡Þ,¡Þ,¡Þ,¡Þ,¡Þ,¡Þ,¡Þ,¡Þ,¡Þ,¡Þ,¡Þ,¡Þ,¡Þ,¡Þ,¡Þ,¡Þ,¡Þ,¡Þ,¡Þ,¡Þ,¡Þ,¡Þ,¡Þ,¡Þ,¡Þ,¡Þ,¡Þ,¡Þ,¡Þ,¡Þ,¡Þ,¡Þ,¡Þ,¡Þ,¡Þ,¡Þ,¡Þ,¡Þ,¡Þ,3895,¡Þ,¡Þ,¡Þ,¡Þ,¡Þ,¡Þ,¡Þ,¡Þ,¡Þ,¡Þ,¡Þ,¡Þ,¡Þ,¡Þ,¡Þ,¡Þ,¡Þ,¡Þ,¡Þ,¡Þ,¡Þ,¡Þ,¡Þ,¡Þ,¡Þ,¡Þ,¡Þ,¡Þ,¡Þ,¡Þ,¡Þ,¡Þ,¡Þ,¡Þ,¡Þ,¡Þ,¡Þ,¡Þ,¡Þ,¡Þ,¡Þ,¡Þ,¡Þ,¡Þ,¡Þ,¡Þ,¡Þ,¡Þ,¡Þ,¡Þ,¡Þ,¡Þ,¡Þ,¡Þ,¡Þ,¡Þ,¡Þ,¡Þ,¡Þ,¡Þ,¡Þ,¡Þ,¡Þ,¡Þ,¡Þ,¡Þ,
¡Þ,¡Þ,¡Þ,¡Þ,¡Þ,¡Þ,¡Þ,¡Þ,¡Þ,¡Þ,¡Þ,¡Þ,¡Þ,¡Þ,¡Þ,¡Þ,¡Þ,¡Þ,¡Þ,¡Þ,¡Þ,¡Þ,¡Þ,¡Þ,¡Þ,¡Þ,¡Þ,¡Þ,¡Þ,¡Þ,¡Þ,¡Þ,¡Þ,¡Þ,¡Þ,¡Þ,¡Þ,¡Þ,¡Þ,¡Þ,¡Þ,¡Þ,¡Þ,¡Þ,¡Þ,¡Þ,1151,¡Þ,¡Þ,¡Þ,¡Þ,¡Þ,¡Þ,¡Þ,¡Þ,¡Þ,¡Þ,¡Þ,¡Þ,¡Þ,¡Þ,¡Þ,¡Þ,¡Þ,¡Þ,¡Þ,¡Þ,¡Þ,¡Þ,¡Þ,¡Þ,¡Þ,¡Þ,¡Þ,¡Þ,¡Þ,¡Þ,¡Þ,¡Þ,¡Þ,¡Þ,¡Þ,¡Þ,¡Þ,¡Þ,¡Þ,¡Þ,¡Þ,¡Þ,¡Þ,¡Þ,¡Þ,¡Þ,¡Þ,¡Þ,¡Þ,¡Þ,¡Þ,¡Þ,¡Þ,¡Þ,¡Þ,¡Þ,¡Þ,¡Þ,¡Þ,¡Þ,¡Þ,¡Þ,¡Þ,¡Þ,¡Þ,¡Þ,¡Þ,¡Þ,¡Þ,¡Þ,¡Þ,¡Þ,¡Þ,¡Þ,¡Þ,¡Þ,¡Þ,¡Þ,¡Þ,¡Þ,¡Þ,¡Þ,¡Þ,¡Þ,¡Þ,¡Þ,¡Þ,¡Þ,¡Þ,¡Þ,¡Þ,¡Þ,¡Þ,¡Þ,¡Þ,¡Þ,¡Þ,¡Þ,¡Þ,¡Þ,¡Þ,¡Þ,¡Þ,¡Þ,¡Þ,¡Þ,¡Þ,¡Þ,¡Þ,¡Þ,¡Þ,¡Þ,869,¡Þ,¡Þ,¡Þ,¡Þ,¡Þ,¡Þ,¡Þ,
¡Þ,1909,¡Þ,¡Þ,¡Þ,¡Þ,¡Þ,¡Þ,¡Þ,¡Þ,¡Þ,¡Þ,¡Þ,¡Þ,¡Þ,¡Þ,¡Þ,1434,¡Þ,¡Þ,¡Þ,¡Þ,¡Þ,¡Þ,¡Þ,¡Þ,¡Þ,¡Þ,¡Þ,¡Þ,¡Þ,¡Þ,¡Þ,¡Þ,¡Þ,¡Þ,¡Þ,¡Þ,¡Þ,¡Þ,¡Þ,¡Þ,¡Þ,¡Þ,¡Þ,¡Þ,¡Þ,¡Þ,¡Þ,¡Þ,¡Þ,¡Þ,¡Þ,¡Þ,¡Þ,¡Þ,¡Þ,¡Þ,¡Þ,¡Þ,¡Þ,¡Þ,¡Þ,¡Þ,¡Þ,¡Þ,¡Þ,¡Þ,¡Þ,¡Þ,¡Þ,¡Þ,¡Þ,¡Þ,¡Þ,¡Þ,¡Þ,¡Þ,¡Þ,¡Þ,¡Þ,¡Þ,¡Þ,¡Þ,¡Þ,¡Þ,¡Þ,¡Þ,¡Þ,¡Þ,¡Þ,¡Þ,¡Þ,¡Þ,¡Þ,¡Þ,¡Þ,¡Þ,¡Þ,¡Þ,¡Þ,¡Þ,¡Þ,¡Þ,¡Þ,¡Þ,¡Þ,¡Þ,¡Þ,¡Þ,¡Þ,¡Þ,¡Þ,¡Þ,¡Þ,¡Þ,¡Þ,¡Þ,¡Þ,¡Þ,¡Þ,¡Þ,¡Þ,¡Þ,¡Þ,¡Þ,¡Þ,¡Þ,¡Þ,¡Þ,¡Þ,¡Þ,¡Þ,¡Þ,¡Þ,¡Þ,¡Þ,¡Þ,¡Þ,¡Þ,¡Þ,¡Þ,¡Þ,¡Þ,¡Þ,¡Þ,¡Þ,¡Þ,¡Þ,¡Þ,¡Þ,¡Þ,¡Þ,¡Þ,¡Þ,¡Þ,¡Þ,¡Þ,¡Þ,¡Þ,¡Þ,¡Þ,¡Þ,¡Þ,¡Þ,¡Þ,¡Þ,
¡Þ,¡Þ,¡Þ,¡Þ,¡Þ,¡Þ,¡Þ,¡Þ,¡Þ,¡Þ,1458,¡Þ,¡Þ,¡Þ,¡Þ,¡Þ,¡Þ,¡Þ,¡Þ,¡Þ,¡Þ,¡Þ,¡Þ,¡Þ,¡Þ,¡Þ,¡Þ,¡Þ,¡Þ,¡Þ,¡Þ,¡Þ,¡Þ,¡Þ,¡Þ,¡Þ,¡Þ,¡Þ,¡Þ,¡Þ,¡Þ,¡Þ,¡Þ,¡Þ,¡Þ,¡Þ,¡Þ,¡Þ,¡Þ,¡Þ,¡Þ,¡Þ,¡Þ,¡Þ,¡Þ,¡Þ,¡Þ,¡Þ,¡Þ,¡Þ,¡Þ,¡Þ,¡Þ,¡Þ,¡Þ,¡Þ,¡Þ,¡Þ,¡Þ,¡Þ,¡Þ,¡Þ,¡Þ,¡Þ,¡Þ,¡Þ,¡Þ,¡Þ,¡Þ,¡Þ,¡Þ,¡Þ,¡Þ,¡Þ,¡Þ,¡Þ,¡Þ,¡Þ,¡Þ,¡Þ,¡Þ,¡Þ,¡Þ,¡Þ,¡Þ,¡Þ,¡Þ,¡Þ,¡Þ,¡Þ,¡Þ,¡Þ,¡Þ,¡Þ,¡Þ,¡Þ,¡Þ,¡Þ,¡Þ,¡Þ,¡Þ,¡Þ,¡Þ,¡Þ,¡Þ,¡Þ,¡Þ,¡Þ,¡Þ,¡Þ,¡Þ,¡Þ,¡Þ,¡Þ,¡Þ,¡Þ,¡Þ,¡Þ,¡Þ,¡Þ,¡Þ,¡Þ,¡Þ,¡Þ,¡Þ,¡Þ,¡Þ,¡Þ,¡Þ,¡Þ,¡Þ,¡Þ,¡Þ,1107,¡Þ,¡Þ,¡Þ,¡Þ,¡Þ,¡Þ,¡Þ,¡Þ,¡Þ,¡Þ,¡Þ,¡Þ,¡Þ,¡Þ,¡Þ,¡Þ,¡Þ,¡Þ,¡Þ,¡Þ,¡Þ,¡Þ,¡Þ,
¡Þ,¡Þ,¡Þ,¡Þ,¡Þ,¡Þ,¡Þ,2829,¡Þ,¡Þ,¡Þ,¡Þ,¡Þ,¡Þ,¡Þ,¡Þ,¡Þ,¡Þ,¡Þ,¡Þ,¡Þ,¡Þ,¡Þ,¡Þ,¡Þ,¡Þ,¡Þ,¡Þ,¡Þ,¡Þ,¡Þ,¡Þ,¡Þ,¡Þ,¡Þ,¡Þ,¡Þ,¡Þ,¡Þ,¡Þ,¡Þ,¡Þ,¡Þ,¡Þ,¡Þ,¡Þ,¡Þ,¡Þ,¡Þ,¡Þ,¡Þ,¡Þ,¡Þ,¡Þ,¡Þ,¡Þ,¡Þ,¡Þ,¡Þ,¡Þ,¡Þ,¡Þ,¡Þ,¡Þ,¡Þ,¡Þ,¡Þ,¡Þ,¡Þ,¡Þ,¡Þ,¡Þ,¡Þ,¡Þ,¡Þ,883,¡Þ,¡Þ,¡Þ,1314,¡Þ,¡Þ,¡Þ,¡Þ,¡Þ,¡Þ,¡Þ,¡Þ,¡Þ,¡Þ,¡Þ,¡Þ,¡Þ,¡Þ,¡Þ,¡Þ,3895,¡Þ,¡Þ,¡Þ,¡Þ,¡Þ,¡Þ,¡Þ,¡Þ,¡Þ,¡Þ,¡Þ,¡Þ,¡Þ,¡Þ,¡Þ,¡Þ,¡Þ,¡Þ,¡Þ,¡Þ,¡Þ,¡Þ,¡Þ,¡Þ,¡Þ,¡Þ,¡Þ,¡Þ,¡Þ,¡Þ,¡Þ,¡Þ,¡Þ,¡Þ,¡Þ,¡Þ,¡Þ,¡Þ,¡Þ,¡Þ,¡Þ,¡Þ,¡Þ,¡Þ,¡Þ,¡Þ,¡Þ,¡Þ,¡Þ,¡Þ,¡Þ,¡Þ,¡Þ,¡Þ,¡Þ,1248,¡Þ,¡Þ,¡Þ,¡Þ,¡Þ,¡Þ,¡Þ,¡Þ,¡Þ,¡Þ,¡Þ,¡Þ,¡Þ,¡Þ,
¡Þ,¡Þ,¡Þ,¡Þ,¡Þ,¡Þ,¡Þ,¡Þ,¡Þ,¡Þ,¡Þ,¡Þ,¡Þ,¡Þ,¡Þ,¡Þ,¡Þ,¡Þ,¡Þ,¡Þ,¡Þ,¡Þ,¡Þ,¡Þ,¡Þ,¡Þ,¡Þ,¡Þ,¡Þ,¡Þ,¡Þ,¡Þ,¡Þ,¡Þ,¡Þ,¡Þ,¡Þ,¡Þ,¡Þ,¡Þ,¡Þ,¡Þ,¡Þ,¡Þ,¡Þ,¡Þ,¡Þ,¡Þ,¡Þ,¡Þ,¡Þ,¡Þ,¡Þ,¡Þ,¡Þ,¡Þ,¡Þ,¡Þ,¡Þ,¡Þ,¡Þ,¡Þ,¡Þ,¡Þ,¡Þ,¡Þ,¡Þ,¡Þ,¡Þ,¡Þ,¡Þ,¡Þ,¡Þ,¡Þ,¡Þ,¡Þ,¡Þ,¡Þ,¡Þ,¡Þ,¡Þ,¡Þ,¡Þ,¡Þ,¡Þ,¡Þ,¡Þ,¡Þ,¡Þ,¡Þ,¡Þ,¡Þ,¡Þ,¡Þ,¡Þ,¡Þ,¡Þ,¡Þ,¡Þ,¡Þ,¡Þ,¡Þ,¡Þ,¡Þ,¡Þ,¡Þ,¡Þ,¡Þ,¡Þ,¡Þ,¡Þ,¡Þ,¡Þ,¡Þ,¡Þ,¡Þ,1211,¡Þ,¡Þ,¡Þ,¡Þ,¡Þ,¡Þ,2297,¡Þ,¡Þ,¡Þ,¡Þ,¡Þ,¡Þ,¡Þ,¡Þ,¡Þ,¡Þ,¡Þ,¡Þ,¡Þ,¡Þ,¡Þ,¡Þ,¡Þ,¡Þ,¡Þ,¡Þ,¡Þ,¡Þ,¡Þ,¡Þ,¡Þ,¡Þ,¡Þ,¡Þ,¡Þ,¡Þ,¡Þ,¡Þ,¡Þ,¡Þ,¡Þ,¡Þ,¡Þ,¡Þ,¡Þ,¡Þ,¡Þ,¡Þ,¡Þ,
¡Þ,¡Þ,¡Þ,¡Þ,¡Þ,¡Þ,¡Þ,¡Þ,¡Þ,¡Þ,¡Þ,¡Þ,¡Þ,¡Þ,¡Þ,¡Þ,¡Þ,¡Þ,¡Þ,¡Þ,¡Þ,¡Þ,¡Þ,¡Þ,¡Þ,¡Þ,¡Þ,¡Þ,¡Þ,¡Þ,¡Þ,¡Þ,¡Þ,¡Þ,¡Þ,¡Þ,¡Þ,¡Þ,¡Þ,¡Þ,¡Þ,¡Þ,¡Þ,¡Þ,¡Þ,¡Þ,¡Þ,¡Þ,¡Þ,¡Þ,¡Þ,¡Þ,¡Þ,¡Þ,¡Þ,¡Þ,¡Þ,¡Þ,¡Þ,¡Þ,1192,¡Þ,¡Þ,¡Þ,¡Þ,¡Þ,¡Þ,¡Þ,¡Þ,¡Þ,¡Þ,¡Þ,¡Þ,¡Þ,¡Þ,¡Þ,¡Þ,¡Þ,¡Þ,¡Þ,¡Þ,¡Þ,¡Þ,¡Þ,¡Þ,¡Þ,¡Þ,¡Þ,¡Þ,¡Þ,¡Þ,¡Þ,¡Þ,¡Þ,¡Þ,¡Þ,¡Þ,¡Þ,¡Þ,¡Þ,¡Þ,¡Þ,¡Þ,¡Þ,¡Þ,¡Þ,¡Þ,¡Þ,¡Þ,¡Þ,¡Þ,¡Þ,¡Þ,¡Þ,¡Þ,¡Þ,¡Þ,¡Þ,¡Þ,¡Þ,¡Þ,¡Þ,¡Þ,¡Þ,¡Þ,¡Þ,¡Þ,¡Þ,¡Þ,¡Þ,¡Þ,¡Þ,¡Þ,¡Þ,¡Þ,¡Þ,¡Þ,¡Þ,¡Þ,¡Þ,¡Þ,¡Þ,¡Þ,¡Þ,¡Þ,¡Þ,¡Þ,¡Þ,¡Þ,¡Þ,¡Þ,¡Þ,¡Þ,¡Þ,¡Þ,¡Þ,¡Þ,¡Þ,¡Þ,¡Þ,¡Þ,¡Þ,¡Þ,¡Þ,¡Þ,1779,¡Þ,
¡Þ,870,¡Þ,¡Þ,¡Þ,¡Þ,¡Þ,¡Þ,¡Þ,¡Þ,¡Þ,¡Þ,¡Þ,¡Þ,¡Þ,¡Þ,¡Þ,¡Þ,¡Þ,¡Þ,¡Þ,¡Þ,¡Þ,¡Þ,¡Þ,¡Þ,¡Þ,¡Þ,¡Þ,¡Þ,¡Þ,¡Þ,¡Þ,¡Þ,¡Þ,¡Þ,¡Þ,¡Þ,¡Þ,¡Þ,¡Þ,¡Þ,¡Þ,¡Þ,¡Þ,¡Þ,¡Þ,¡Þ,¡Þ,¡Þ,¡Þ,¡Þ,¡Þ,¡Þ,¡Þ,¡Þ,¡Þ,¡Þ,¡Þ,¡Þ,¡Þ,¡Þ,¡Þ,¡Þ,¡Þ,¡Þ,¡Þ,¡Þ,¡Þ,¡Þ,¡Þ,¡Þ,¡Þ,¡Þ,¡Þ,¡Þ,¡Þ,¡Þ,¡Þ,¡Þ,¡Þ,¡Þ,¡Þ,¡Þ,¡Þ,¡Þ,¡Þ,¡Þ,¡Þ,¡Þ,¡Þ,¡Þ,¡Þ,¡Þ,¡Þ,¡Þ,¡Þ,¡Þ,¡Þ,¡Þ,¡Þ,¡Þ,¡Þ,¡Þ,¡Þ,¡Þ,¡Þ,¡Þ,¡Þ,¡Þ,¡Þ,¡Þ,¡Þ,¡Þ,¡Þ,¡Þ,¡Þ,¡Þ,¡Þ,¡Þ,¡Þ,¡Þ,¡Þ,¡Þ,¡Þ,¡Þ,¡Þ,¡Þ,¡Þ,¡Þ,¡Þ,¡Þ,¡Þ,¡Þ,¡Þ,¡Þ,¡Þ,¡Þ,¡Þ,¡Þ,¡Þ,¡Þ,¡Þ,¡Þ,¡Þ,¡Þ,¡Þ,¡Þ,¡Þ,1035,¡Þ,¡Þ,¡Þ,¡Þ,¡Þ,¡Þ,¡Þ,¡Þ,¡Þ,¡Þ,¡Þ,¡Þ,¡Þ,¡Þ,¡Þ,¡Þ,¡Þ,
¡Þ,¡Þ,¡Þ,¡Þ,¡Þ,¡Þ,¡Þ,¡Þ,¡Þ,¡Þ,¡Þ,¡Þ,¡Þ,¡Þ,¡Þ,¡Þ,¡Þ,¡Þ,¡Þ,¡Þ,¡Þ,¡Þ,¡Þ,¡Þ,¡Þ,¡Þ,¡Þ,¡Þ,¡Þ,¡Þ,¡Þ,¡Þ,¡Þ,¡Þ,1697,¡Þ,¡Þ,¡Þ,¡Þ,¡Þ,¡Þ,¡Þ,¡Þ,¡Þ,¡Þ,¡Þ,¡Þ,¡Þ,¡Þ,¡Þ,¡Þ,¡Þ,¡Þ,¡Þ,¡Þ,¡Þ,¡Þ,¡Þ,¡Þ,¡Þ,¡Þ,¡Þ,¡Þ,¡Þ,¡Þ,¡Þ,¡Þ,¡Þ,¡Þ,¡Þ,¡Þ,¡Þ,¡Þ,¡Þ,¡Þ,¡Þ,¡Þ,¡Þ,¡Þ,¡Þ,¡Þ,¡Þ,¡Þ,¡Þ,¡Þ,¡Þ,¡Þ,¡Þ,¡Þ,¡Þ,¡Þ,¡Þ,¡Þ,¡Þ,¡Þ,¡Þ,¡Þ,¡Þ,¡Þ,¡Þ,¡Þ,¡Þ,¡Þ,¡Þ,¡Þ,¡Þ,¡Þ,¡Þ,¡Þ,¡Þ,¡Þ,¡Þ,¡Þ,¡Þ,¡Þ,¡Þ,¡Þ,¡Þ,¡Þ,¡Þ,¡Þ,¡Þ,¡Þ,¡Þ,¡Þ,¡Þ,¡Þ,¡Þ,¡Þ,¡Þ,¡Þ,¡Þ,¡Þ,1742,¡Þ,¡Þ,¡Þ,¡Þ,¡Þ,¡Þ,¡Þ,¡Þ,¡Þ,¡Þ,¡Þ,¡Þ,¡Þ,¡Þ,¡Þ,¡Þ,¡Þ,¡Þ,¡Þ,¡Þ,¡Þ,¡Þ,¡Þ,¡Þ,¡Þ,¡Þ,¡Þ,¡Þ,¡Þ,¡Þ,¡Þ,¡Þ,¡Þ,
¡Þ,¡Þ,¡Þ,¡Þ,¡Þ,¡Þ,¡Þ,¡Þ,¡Þ,¡Þ,¡Þ,¡Þ,¡Þ,¡Þ,¡Þ,¡Þ,¡Þ,¡Þ,¡Þ,¡Þ,¡Þ,¡Þ,¡Þ,¡Þ,¡Þ,¡Þ,¡Þ,¡Þ,¡Þ,¡Þ,¡Þ,¡Þ,¡Þ,¡Þ,¡Þ,¡Þ,¡Þ,¡Þ,¡Þ,¡Þ,¡Þ,¡Þ,¡Þ,¡Þ,¡Þ,¡Þ,¡Þ,¡Þ,¡Þ,¡Þ,¡Þ,¡Þ,¡Þ,¡Þ,¡Þ,¡Þ,¡Þ,¡Þ,¡Þ,¡Þ,¡Þ,¡Þ,¡Þ,¡Þ,¡Þ,¡Þ,¡Þ,¡Þ,¡Þ,¡Þ,¡Þ,¡Þ,¡Þ,¡Þ,¡Þ,¡Þ,¡Þ,¡Þ,¡Þ,¡Þ,¡Þ,¡Þ,¡Þ,¡Þ,2009,¡Þ,¡Þ,¡Þ,¡Þ,¡Þ,¡Þ,¡Þ,¡Þ,¡Þ,¡Þ,¡Þ,¡Þ,¡Þ,¡Þ,¡Þ,¡Þ,¡Þ,¡Þ,¡Þ,¡Þ,¡Þ,¡Þ,¡Þ,¡Þ,¡Þ,¡Þ,¡Þ,¡Þ,¡Þ,¡Þ,¡Þ,¡Þ,¡Þ,¡Þ,¡Þ,¡Þ,¡Þ,¡Þ,¡Þ,¡Þ,¡Þ,¡Þ,¡Þ,¡Þ,¡Þ,¡Þ,¡Þ,¡Þ,¡Þ,¡Þ,¡Þ,¡Þ,¡Þ,¡Þ,¡Þ,¡Þ,¡Þ,¡Þ,¡Þ,¡Þ,¡Þ,¡Þ,¡Þ,¡Þ,¡Þ,¡Þ,¡Þ,¡Þ,¡Þ,¡Þ,¡Þ,¡Þ,¡Þ,¡Þ,¡Þ,¡Þ,¡Þ,¡Þ,¡Þ,¡Þ,¡Þ,¡Þ,
¡Þ,¡Þ,¡Þ,¡Þ,¡Þ,¡Þ,¡Þ,¡Þ,¡Þ,¡Þ,¡Þ,¡Þ,¡Þ,¡Þ,¡Þ,¡Þ,¡Þ,¡Þ,¡Þ,¡Þ,¡Þ,¡Þ,¡Þ,¡Þ,¡Þ,¡Þ,¡Þ,¡Þ,¡Þ,¡Þ,¡Þ,¡Þ,¡Þ,¡Þ,¡Þ,¡Þ,¡Þ,¡Þ,¡Þ,¡Þ,¡Þ,¡Þ,¡Þ,¡Þ,¡Þ,¡Þ,¡Þ,¡Þ,¡Þ,¡Þ,¡Þ,¡Þ,¡Þ,¡Þ,¡Þ,¡Þ,¡Þ,¡Þ,¡Þ,¡Þ,¡Þ,¡Þ,¡Þ,¡Þ,¡Þ,¡Þ,¡Þ,¡Þ,¡Þ,¡Þ,¡Þ,¡Þ,¡Þ,¡Þ,¡Þ,¡Þ,¡Þ,¡Þ,¡Þ,¡Þ,¡Þ,¡Þ,¡Þ,¡Þ,¡Þ,¡Þ,¡Þ,928,¡Þ,¡Þ,¡Þ,¡Þ,¡Þ,¡Þ,¡Þ,¡Þ,¡Þ,¡Þ,¡Þ,¡Þ,¡Þ,¡Þ,¡Þ,¡Þ,¡Þ,¡Þ,¡Þ,¡Þ,¡Þ,¡Þ,¡Þ,¡Þ,¡Þ,¡Þ,¡Þ,¡Þ,¡Þ,¡Þ,¡Þ,¡Þ,¡Þ,¡Þ,¡Þ,¡Þ,¡Þ,¡Þ,¡Þ,¡Þ,¡Þ,¡Þ,¡Þ,¡Þ,¡Þ,¡Þ,¡Þ,¡Þ,¡Þ,¡Þ,¡Þ,¡Þ,¡Þ,¡Þ,¡Þ,¡Þ,¡Þ,¡Þ,¡Þ,¡Þ,¡Þ,¡Þ,¡Þ,981,¡Þ,¡Þ,¡Þ,¡Þ,¡Þ,¡Þ,¡Þ,¡Þ,¡Þ,¡Þ,¡Þ,¡Þ,¡Þ,¡Þ,¡Þ,
¡Þ,¡Þ,¡Þ,¡Þ,¡Þ,¡Þ,¡Þ,¡Þ,¡Þ,¡Þ,¡Þ,¡Þ,¡Þ,¡Þ,¡Þ,¡Þ,¡Þ,¡Þ,¡Þ,¡Þ,¡Þ,¡Þ,¡Þ,¡Þ,¡Þ,¡Þ,¡Þ,¡Þ,¡Þ,¡Þ,¡Þ,¡Þ,¡Þ,¡Þ,¡Þ,¡Þ,¡Þ,¡Þ,¡Þ,¡Þ,¡Þ,¡Þ,¡Þ,¡Þ,¡Þ,¡Þ,¡Þ,¡Þ,¡Þ,¡Þ,¡Þ,¡Þ,¡Þ,¡Þ,¡Þ,2473,¡Þ,¡Þ,¡Þ,¡Þ,¡Þ,¡Þ,¡Þ,¡Þ,¡Þ,¡Þ,¡Þ,¡Þ,¡Þ,¡Þ,¡Þ,¡Þ,¡Þ,¡Þ,¡Þ,¡Þ,¡Þ,¡Þ,¡Þ,¡Þ,¡Þ,¡Þ,¡Þ,¡Þ,¡Þ,¡Þ,¡Þ,¡Þ,¡Þ,1732,¡Þ,¡Þ,¡Þ,¡Þ,¡Þ,¡Þ,¡Þ,¡Þ,¡Þ,¡Þ,¡Þ,¡Þ,¡Þ,¡Þ,¡Þ,¡Þ,¡Þ,¡Þ,¡Þ,¡Þ,¡Þ,¡Þ,¡Þ,¡Þ,¡Þ,¡Þ,¡Þ,¡Þ,¡Þ,¡Þ,¡Þ,¡Þ,¡Þ,¡Þ,¡Þ,¡Þ,¡Þ,¡Þ,¡Þ,¡Þ,¡Þ,¡Þ,¡Þ,¡Þ,¡Þ,¡Þ,¡Þ,¡Þ,¡Þ,¡Þ,¡Þ,¡Þ,¡Þ,¡Þ,¡Þ,¡Þ,¡Þ,¡Þ,¡Þ,¡Þ,¡Þ,¡Þ,¡Þ,¡Þ,¡Þ,¡Þ,¡Þ,¡Þ,¡Þ,¡Þ,¡Þ,¡Þ,¡Þ,¡Þ,¡Þ,¡Þ,¡Þ,
¡Þ,¡Þ,¡Þ,¡Þ,¡Þ,¡Þ,¡Þ,¡Þ,¡Þ,¡Þ,¡Þ,¡Þ,¡Þ,¡Þ,¡Þ,¡Þ,¡Þ,¡Þ,¡Þ,¡Þ,¡Þ,¡Þ,¡Þ,¡Þ,¡Þ,¡Þ,¡Þ,¡Þ,¡Þ,¡Þ,¡Þ,¡Þ,¡Þ,¡Þ,¡Þ,¡Þ,¡Þ,¡Þ,¡Þ,¡Þ,¡Þ,¡Þ,¡Þ,¡Þ,¡Þ,¡Þ,¡Þ,¡Þ,¡Þ,¡Þ,¡Þ,¡Þ,¡Þ,¡Þ,¡Þ,¡Þ,¡Þ,¡Þ,¡Þ,¡Þ,¡Þ,¡Þ,¡Þ,¡Þ,¡Þ,¡Þ,¡Þ,¡Þ,¡Þ,¡Þ,¡Þ,¡Þ,¡Þ,¡Þ,¡Þ,¡Þ,¡Þ,¡Þ,¡Þ,¡Þ,¡Þ,¡Þ,¡Þ,¡Þ,¡Þ,¡Þ,¡Þ,¡Þ,¡Þ,¡Þ,¡Þ,¡Þ,¡Þ,¡Þ,¡Þ,¡Þ,¡Þ,¡Þ,¡Þ,¡Þ,¡Þ,¡Þ,¡Þ,¡Þ,¡Þ,¡Þ,¡Þ,¡Þ,¡Þ,¡Þ,¡Þ,783,¡Þ,¡Þ,¡Þ,¡Þ,¡Þ,¡Þ,¡Þ,¡Þ,¡Þ,¡Þ,1401,¡Þ,¡Þ,¡Þ,¡Þ,¡Þ,¡Þ,¡Þ,¡Þ,¡Þ,¡Þ,¡Þ,¡Þ,¡Þ,¡Þ,¡Þ,¡Þ,¡Þ,¡Þ,¡Þ,¡Þ,¡Þ,¡Þ,¡Þ,¡Þ,¡Þ,¡Þ,¡Þ,¡Þ,¡Þ,¡Þ,¡Þ,¡Þ,¡Þ,¡Þ,¡Þ,¡Þ,¡Þ,¡Þ,¡Þ,¡Þ,¡Þ,¡Þ,¡Þ,¡Þ,
¡Þ,¡Þ,¡Þ,¡Þ,¡Þ,¡Þ,¡Þ,¡Þ,¡Þ,¡Þ,¡Þ,¡Þ,¡Þ,¡Þ,¡Þ,¡Þ,¡Þ,¡Þ,¡Þ,¡Þ,1111,¡Þ,¡Þ,¡Þ,¡Þ,¡Þ,¡Þ,¡Þ,¡Þ,¡Þ,¡Þ,¡Þ,¡Þ,¡Þ,¡Þ,¡Þ,¡Þ,¡Þ,¡Þ,¡Þ,¡Þ,¡Þ,¡Þ,¡Þ,¡Þ,¡Þ,¡Þ,¡Þ,¡Þ,¡Þ,¡Þ,¡Þ,¡Þ,¡Þ,¡Þ,¡Þ,¡Þ,¡Þ,¡Þ,¡Þ,¡Þ,¡Þ,¡Þ,¡Þ,¡Þ,¡Þ,¡Þ,¡Þ,¡Þ,¡Þ,¡Þ,¡Þ,¡Þ,¡Þ,1023,¡Þ,¡Þ,¡Þ,¡Þ,¡Þ,¡Þ,¡Þ,¡Þ,¡Þ,¡Þ,¡Þ,¡Þ,¡Þ,¡Þ,¡Þ,¡Þ,¡Þ,¡Þ,¡Þ,¡Þ,¡Þ,¡Þ,¡Þ,¡Þ,¡Þ,¡Þ,¡Þ,¡Þ,¡Þ,¡Þ,¡Þ,¡Þ,¡Þ,¡Þ,¡Þ,¡Þ,¡Þ,¡Þ,¡Þ,¡Þ,¡Þ,¡Þ,¡Þ,¡Þ,¡Þ,¡Þ,¡Þ,¡Þ,¡Þ,¡Þ,¡Þ,¡Þ,¡Þ,¡Þ,¡Þ,¡Þ,¡Þ,¡Þ,¡Þ,¡Þ,¡Þ,¡Þ,¡Þ,¡Þ,¡Þ,¡Þ,¡Þ,¡Þ,¡Þ,¡Þ,¡Þ,¡Þ,¡Þ,¡Þ,¡Þ,¡Þ,¡Þ,¡Þ,¡Þ,¡Þ,¡Þ,¡Þ,¡Þ,¡Þ,¡Þ,¡Þ,¡Þ,¡Þ,¡Þ,¡Þ,¡Þ,¡Þ,
¡Þ,¡Þ,¡Þ,¡Þ,¡Þ,¡Þ,¡Þ,¡Þ,¡Þ,¡Þ,¡Þ,¡Þ,¡Þ,¡Þ,¡Þ,¡Þ,¡Þ,¡Þ,¡Þ,¡Þ,¡Þ,¡Þ,¡Þ,¡Þ,¡Þ,¡Þ,¡Þ,¡Þ,¡Þ,¡Þ,¡Þ,¡Þ,¡Þ,¡Þ,¡Þ,¡Þ,¡Þ,¡Þ,¡Þ,¡Þ,¡Þ,¡Þ,¡Þ,¡Þ,¡Þ,¡Þ,¡Þ,¡Þ,¡Þ,¡Þ,¡Þ,¡Þ,¡Þ,¡Þ,¡Þ,¡Þ,¡Þ,¡Þ,¡Þ,¡Þ,¡Þ,¡Þ,¡Þ,¡Þ,¡Þ,¡Þ,¡Þ,¡Þ,¡Þ,¡Þ,¡Þ,¡Þ,¡Þ,¡Þ,¡Þ,¡Þ,1100,¡Þ,¡Þ,¡Þ,¡Þ,¡Þ,¡Þ,¡Þ,¡Þ,¡Þ,¡Þ,¡Þ,¡Þ,¡Þ,736,¡Þ,2998,¡Þ,¡Þ,¡Þ,¡Þ,¡Þ,¡Þ,¡Þ,¡Þ,¡Þ,¡Þ,¡Þ,¡Þ,¡Þ,¡Þ,¡Þ,¡Þ,¡Þ,¡Þ,¡Þ,¡Þ,¡Þ,¡Þ,¡Þ,¡Þ,¡Þ,¡Þ,¡Þ,¡Þ,¡Þ,¡Þ,¡Þ,¡Þ,¡Þ,¡Þ,¡Þ,¡Þ,¡Þ,¡Þ,¡Þ,¡Þ,¡Þ,¡Þ,¡Þ,¡Þ,¡Þ,¡Þ,¡Þ,¡Þ,¡Þ,¡Þ,¡Þ,¡Þ,¡Þ,¡Þ,¡Þ,¡Þ,¡Þ,¡Þ,¡Þ,¡Þ,¡Þ,¡Þ,¡Þ,¡Þ,¡Þ,¡Þ,¡Þ,¡Þ,¡Þ,¡Þ,¡Þ,¡Þ,¡Þ,857,
¡Þ,¡Þ,¡Þ,¡Þ,¡Þ,¡Þ,¡Þ,¡Þ,¡Þ,¡Þ,¡Þ,¡Þ,¡Þ,¡Þ,¡Þ,¡Þ,¡Þ,1673,¡Þ,¡Þ,¡Þ,¡Þ,¡Þ,¡Þ,¡Þ,¡Þ,¡Þ,¡Þ,¡Þ,¡Þ,¡Þ,¡Þ,¡Þ,¡Þ,¡Þ,¡Þ,¡Þ,¡Þ,¡Þ,¡Þ,¡Þ,¡Þ,¡Þ,¡Þ,¡Þ,¡Þ,¡Þ,¡Þ,¡Þ,¡Þ,¡Þ,¡Þ,¡Þ,¡Þ,¡Þ,¡Þ,¡Þ,¡Þ,¡Þ,¡Þ,¡Þ,¡Þ,¡Þ,¡Þ,¡Þ,¡Þ,¡Þ,¡Þ,¡Þ,¡Þ,¡Þ,¡Þ,¡Þ,¡Þ,¡Þ,¡Þ,¡Þ,¡Þ,¡Þ,¡Þ,¡Þ,¡Þ,¡Þ,¡Þ,¡Þ,¡Þ,¡Þ,¡Þ,¡Þ,¡Þ,¡Þ,¡Þ,¡Þ,¡Þ,¡Þ,¡Þ,¡Þ,¡Þ,¡Þ,¡Þ,¡Þ,¡Þ,¡Þ,¡Þ,¡Þ,¡Þ,¡Þ,¡Þ,783,¡Þ,¡Þ,¡Þ,¡Þ,¡Þ,¡Þ,¡Þ,¡Þ,¡Þ,¡Þ,¡Þ,¡Þ,¡Þ,¡Þ,¡Þ,¡Þ,¡Þ,¡Þ,¡Þ,¡Þ,¡Þ,¡Þ,¡Þ,¡Þ,¡Þ,¡Þ,¡Þ,¡Þ,¡Þ,¡Þ,¡Þ,¡Þ,¡Þ,¡Þ,¡Þ,¡Þ,¡Þ,¡Þ,¡Þ,¡Þ,¡Þ,¡Þ,¡Þ,¡Þ,¡Þ,¡Þ,¡Þ,¡Þ,¡Þ,¡Þ,¡Þ,¡Þ,¡Þ,¡Þ,¡Þ,¡Þ,¡Þ,¡Þ,
¡Þ,¡Þ,¡Þ,¡Þ,¡Þ,¡Þ,¡Þ,¡Þ,¡Þ,¡Þ,¡Þ,¡Þ,¡Þ,¡Þ,¡Þ,¡Þ,¡Þ,¡Þ,¡Þ,¡Þ,¡Þ,¡Þ,¡Þ,¡Þ,¡Þ,¡Þ,¡Þ,¡Þ,¡Þ,¡Þ,¡Þ,¡Þ,¡Þ,¡Þ,¡Þ,¡Þ,¡Þ,¡Þ,¡Þ,¡Þ,¡Þ,¡Þ,¡Þ,¡Þ,¡Þ,¡Þ,¡Þ,¡Þ,¡Þ,¡Þ,¡Þ,¡Þ,¡Þ,¡Þ,¡Þ,¡Þ,¡Þ,¡Þ,¡Þ,¡Þ,¡Þ,¡Þ,¡Þ,¡Þ,¡Þ,¡Þ,¡Þ,¡Þ,¡Þ,¡Þ,¡Þ,¡Þ,¡Þ,¡Þ,¡Þ,¡Þ,¡Þ,¡Þ,¡Þ,¡Þ,¡Þ,¡Þ,¡Þ,¡Þ,¡Þ,¡Þ,¡Þ,¡Þ,¡Þ,¡Þ,¡Þ,¡Þ,¡Þ,¡Þ,¡Þ,¡Þ,¡Þ,¡Þ,¡Þ,¡Þ,¡Þ,¡Þ,¡Þ,¡Þ,¡Þ,¡Þ,¡Þ,¡Þ,¡Þ,¡Þ,¡Þ,¡Þ,¡Þ,¡Þ,¡Þ,¡Þ,¡Þ,¡Þ,¡Þ,¡Þ,¡Þ,¡Þ,¡Þ,¡Þ,¡Þ,¡Þ,¡Þ,¡Þ,¡Þ,¡Þ,¡Þ,¡Þ,¡Þ,¡Þ,¡Þ,¡Þ,¡Þ,¡Þ,¡Þ,¡Þ,¡Þ,¡Þ,¡Þ,¡Þ,¡Þ,¡Þ,1060,¡Þ,¡Þ,¡Þ,¡Þ,¡Þ,¡Þ,¡Þ,¡Þ,¡Þ,2672,¡Þ,¡Þ,¡Þ,¡Þ,¡Þ,¡Þ,¡Þ,¡Þ,¡Þ,¡Þ,
¡Þ,¡Þ,¡Þ,¡Þ,¡Þ,¡Þ,¡Þ,¡Þ,¡Þ,¡Þ,¡Þ,¡Þ,¡Þ,¡Þ,¡Þ,¡Þ,¡Þ,¡Þ,¡Þ,¡Þ,¡Þ,¡Þ,¡Þ,¡Þ,¡Þ,¡Þ,¡Þ,¡Þ,¡Þ,¡Þ,¡Þ,¡Þ,¡Þ,¡Þ,¡Þ,¡Þ,¡Þ,¡Þ,¡Þ,¡Þ,¡Þ,¡Þ,¡Þ,¡Þ,¡Þ,¡Þ,¡Þ,¡Þ,2000,¡Þ,¡Þ,¡Þ,¡Þ,¡Þ,¡Þ,¡Þ,¡Þ,¡Þ,¡Þ,¡Þ,¡Þ,¡Þ,¡Þ,¡Þ,¡Þ,¡Þ,¡Þ,¡Þ,¡Þ,¡Þ,¡Þ,¡Þ,¡Þ,¡Þ,¡Þ,¡Þ,¡Þ,¡Þ,¡Þ,¡Þ,¡Þ,¡Þ,¡Þ,¡Þ,¡Þ,¡Þ,1063,¡Þ,¡Þ,¡Þ,¡Þ,¡Þ,¡Þ,¡Þ,¡Þ,¡Þ,¡Þ,¡Þ,¡Þ,¡Þ,¡Þ,¡Þ,¡Þ,¡Þ,¡Þ,¡Þ,¡Þ,¡Þ,¡Þ,¡Þ,¡Þ,¡Þ,¡Þ,¡Þ,¡Þ,¡Þ,¡Þ,¡Þ,¡Þ,¡Þ,¡Þ,¡Þ,¡Þ,¡Þ,¡Þ,¡Þ,¡Þ,¡Þ,¡Þ,¡Þ,¡Þ,¡Þ,¡Þ,¡Þ,¡Þ,¡Þ,¡Þ,¡Þ,¡Þ,¡Þ,¡Þ,¡Þ,¡Þ,¡Þ,¡Þ,¡Þ,¡Þ,¡Þ,¡Þ,¡Þ,¡Þ,¡Þ,¡Þ,¡Þ,¡Þ,¡Þ,¡Þ,¡Þ,¡Þ,¡Þ,¡Þ,¡Þ,¡Þ,¡Þ,¡Þ,¡Þ,¡Þ,
¡Þ,¡Þ,¡Þ,¡Þ,¡Þ,¡Þ,¡Þ,¡Þ,¡Þ,¡Þ,¡Þ,¡Þ,¡Þ,¡Þ,¡Þ,¡Þ,¡Þ,¡Þ,¡Þ,¡Þ,¡Þ,¡Þ,¡Þ,¡Þ,¡Þ,¡Þ,¡Þ,¡Þ,¡Þ,¡Þ,¡Þ,¡Þ,1569,¡Þ,¡Þ,¡Þ,¡Þ,¡Þ,¡Þ,¡Þ,¡Þ,¡Þ,¡Þ,¡Þ,¡Þ,¡Þ,¡Þ,¡Þ,¡Þ,¡Þ,¡Þ,¡Þ,¡Þ,¡Þ,¡Þ,¡Þ,¡Þ,¡Þ,¡Þ,¡Þ,¡Þ,¡Þ,¡Þ,¡Þ,¡Þ,¡Þ,¡Þ,¡Þ,¡Þ,¡Þ,¡Þ,¡Þ,¡Þ,¡Þ,¡Þ,¡Þ,1382,780,¡Þ,¡Þ,¡Þ,¡Þ,¡Þ,¡Þ,¡Þ,¡Þ,¡Þ,¡Þ,¡Þ,¡Þ,¡Þ,¡Þ,¡Þ,¡Þ,¡Þ,¡Þ,¡Þ,¡Þ,¡Þ,¡Þ,¡Þ,¡Þ,¡Þ,¡Þ,¡Þ,¡Þ,¡Þ,¡Þ,¡Þ,¡Þ,¡Þ,¡Þ,¡Þ,¡Þ,¡Þ,¡Þ,¡Þ,¡Þ,¡Þ,¡Þ,¡Þ,¡Þ,¡Þ,¡Þ,714,¡Þ,¡Þ,¡Þ,¡Þ,¡Þ,¡Þ,¡Þ,¡Þ,¡Þ,¡Þ,¡Þ,¡Þ,¡Þ,¡Þ,¡Þ,¡Þ,¡Þ,¡Þ,¡Þ,¡Þ,¡Þ,¡Þ,¡Þ,¡Þ,¡Þ,¡Þ,¡Þ,¡Þ,¡Þ,¡Þ,¡Þ,¡Þ,¡Þ,¡Þ,¡Þ,¡Þ,¡Þ,¡Þ,¡Þ,¡Þ,¡Þ,¡Þ,
¡Þ,¡Þ,¡Þ,¡Þ,¡Þ,¡Þ,¡Þ,¡Þ,¡Þ,¡Þ,¡Þ,¡Þ,¡Þ,¡Þ,¡Þ,¡Þ,¡Þ,¡Þ,1765,¡Þ,¡Þ,¡Þ,¡Þ,¡Þ,¡Þ,¡Þ,¡Þ,¡Þ,¡Þ,¡Þ,¡Þ,¡Þ,¡Þ,¡Þ,¡Þ,¡Þ,¡Þ,¡Þ,¡Þ,¡Þ,¡Þ,1029,¡Þ,¡Þ,¡Þ,¡Þ,¡Þ,¡Þ,¡Þ,¡Þ,¡Þ,¡Þ,¡Þ,¡Þ,¡Þ,¡Þ,¡Þ,¡Þ,¡Þ,¡Þ,¡Þ,¡Þ,¡Þ,¡Þ,¡Þ,¡Þ,¡Þ,¡Þ,¡Þ,¡Þ,¡Þ,¡Þ,¡Þ,¡Þ,¡Þ,¡Þ,¡Þ,¡Þ,¡Þ,¡Þ,¡Þ,¡Þ,¡Þ,¡Þ,¡Þ,¡Þ,¡Þ,¡Þ,¡Þ,¡Þ,¡Þ,¡Þ,¡Þ,¡Þ,¡Þ,¡Þ,¡Þ,¡Þ,¡Þ,¡Þ,¡Þ,¡Þ,¡Þ,¡Þ,¡Þ,¡Þ,¡Þ,¡Þ,¡Þ,¡Þ,¡Þ,¡Þ,¡Þ,¡Þ,¡Þ,¡Þ,¡Þ,¡Þ,¡Þ,¡Þ,¡Þ,¡Þ,¡Þ,¡Þ,¡Þ,¡Þ,¡Þ,¡Þ,¡Þ,¡Þ,¡Þ,¡Þ,¡Þ,¡Þ,¡Þ,¡Þ,¡Þ,¡Þ,¡Þ,¡Þ,¡Þ,¡Þ,¡Þ,¡Þ,¡Þ,¡Þ,¡Þ,¡Þ,¡Þ,¡Þ,¡Þ,¡Þ,¡Þ,¡Þ,¡Þ,¡Þ,¡Þ,¡Þ,¡Þ,¡Þ,¡Þ,¡Þ,¡Þ,¡Þ,¡Þ,¡Þ,¡Þ,
¡Þ,768,¡Þ,¡Þ,¡Þ,¡Þ,¡Þ,¡Þ,¡Þ,¡Þ,¡Þ,¡Þ,¡Þ,¡Þ,¡Þ,¡Þ,¡Þ,¡Þ,¡Þ,¡Þ,¡Þ,¡Þ,¡Þ,¡Þ,¡Þ,¡Þ,¡Þ,¡Þ,¡Þ,¡Þ,¡Þ,¡Þ,¡Þ,¡Þ,¡Þ,¡Þ,¡Þ,¡Þ,¡Þ,¡Þ,¡Þ,¡Þ,¡Þ,¡Þ,¡Þ,¡Þ,¡Þ,¡Þ,¡Þ,¡Þ,¡Þ,¡Þ,¡Þ,¡Þ,¡Þ,¡Þ,¡Þ,¡Þ,¡Þ,¡Þ,¡Þ,¡Þ,¡Þ,¡Þ,¡Þ,¡Þ,¡Þ,¡Þ,¡Þ,¡Þ,¡Þ,¡Þ,¡Þ,¡Þ,¡Þ,¡Þ,¡Þ,¡Þ,¡Þ,¡Þ,¡Þ,¡Þ,¡Þ,¡Þ,¡Þ,¡Þ,¡Þ,¡Þ,¡Þ,¡Þ,¡Þ,¡Þ,¡Þ,¡Þ,¡Þ,¡Þ,¡Þ,¡Þ,¡Þ,¡Þ,¡Þ,1211,¡Þ,¡Þ,¡Þ,¡Þ,¡Þ,¡Þ,¡Þ,¡Þ,¡Þ,¡Þ,¡Þ,¡Þ,¡Þ,¡Þ,¡Þ,¡Þ,¡Þ,¡Þ,¡Þ,¡Þ,¡Þ,¡Þ,¡Þ,¡Þ,¡Þ,¡Þ,¡Þ,¡Þ,¡Þ,¡Þ,¡Þ,¡Þ,¡Þ,¡Þ,¡Þ,¡Þ,¡Þ,¡Þ,¡Þ,¡Þ,¡Þ,¡Þ,¡Þ,¡Þ,¡Þ,¡Þ,¡Þ,¡Þ,¡Þ,¡Þ,¡Þ,¡Þ,¡Þ,¡Þ,¡Þ,¡Þ,¡Þ,¡Þ,¡Þ,¡Þ,¡Þ,¡Þ,¡Þ,¡Þ,¡Þ,
¡Þ,¡Þ,¡Þ,¡Þ,¡Þ,¡Þ,¡Þ,¡Þ,¡Þ,¡Þ,¡Þ,¡Þ,¡Þ,¡Þ,¡Þ,¡Þ,¡Þ,¡Þ,¡Þ,¡Þ,¡Þ,¡Þ,¡Þ,¡Þ,¡Þ,¡Þ,¡Þ,¡Þ,¡Þ,¡Þ,¡Þ,¡Þ,¡Þ,¡Þ,¡Þ,¡Þ,¡Þ,¡Þ,¡Þ,¡Þ,¡Þ,¡Þ,¡Þ,¡Þ,¡Þ,¡Þ,¡Þ,¡Þ,¡Þ,¡Þ,707,¡Þ,¡Þ,¡Þ,¡Þ,¡Þ,¡Þ,¡Þ,¡Þ,¡Þ,¡Þ,¡Þ,¡Þ,¡Þ,¡Þ,¡Þ,¡Þ,¡Þ,¡Þ,¡Þ,¡Þ,¡Þ,¡Þ,¡Þ,¡Þ,¡Þ,¡Þ,¡Þ,¡Þ,¡Þ,¡Þ,¡Þ,¡Þ,¡Þ,¡Þ,¡Þ,¡Þ,¡Þ,¡Þ,¡Þ,¡Þ,¡Þ,¡Þ,¡Þ,¡Þ,¡Þ,¡Þ,¡Þ,¡Þ,¡Þ,¡Þ,¡Þ,¡Þ,¡Þ,¡Þ,¡Þ,¡Þ,¡Þ,¡Þ,¡Þ,¡Þ,¡Þ,¡Þ,¡Þ,¡Þ,¡Þ,¡Þ,¡Þ,¡Þ,¡Þ,¡Þ,1521,¡Þ,¡Þ,¡Þ,¡Þ,¡Þ,¡Þ,¡Þ,¡Þ,¡Þ,¡Þ,¡Þ,¡Þ,¡Þ,¡Þ,¡Þ,¡Þ,¡Þ,¡Þ,¡Þ,¡Þ,¡Þ,¡Þ,¡Þ,¡Þ,¡Þ,¡Þ,¡Þ,¡Þ,¡Þ,¡Þ,¡Þ,¡Þ,¡Þ,¡Þ,¡Þ,¡Þ,¡Þ,¡Þ,¡Þ,¡Þ,¡Þ,¡Þ,¡Þ,¡Þ,¡Þ,
¡Þ,1633,¡Þ,¡Þ,¡Þ,¡Þ,¡Þ,¡Þ,¡Þ,¡Þ,¡Þ,¡Þ,¡Þ,¡Þ,¡Þ,¡Þ,¡Þ,¡Þ,¡Þ,¡Þ,¡Þ,¡Þ,¡Þ,¡Þ,¡Þ,¡Þ,¡Þ,¡Þ,¡Þ,¡Þ,¡Þ,¡Þ,¡Þ,¡Þ,¡Þ,¡Þ,¡Þ,¡Þ,¡Þ,¡Þ,¡Þ,¡Þ,¡Þ,¡Þ,¡Þ,¡Þ,¡Þ,¡Þ,¡Þ,¡Þ,¡Þ,¡Þ,¡Þ,¡Þ,¡Þ,¡Þ,¡Þ,¡Þ,¡Þ,¡Þ,¡Þ,¡Þ,¡Þ,¡Þ,¡Þ,¡Þ,¡Þ,¡Þ,¡Þ,¡Þ,¡Þ,¡Þ,¡Þ,¡Þ,¡Þ,¡Þ,¡Þ,¡Þ,¡Þ,¡Þ,¡Þ,¡Þ,¡Þ,¡Þ,¡Þ,¡Þ,¡Þ,¡Þ,¡Þ,¡Þ,¡Þ,¡Þ,¡Þ,¡Þ,¡Þ,¡Þ,¡Þ,¡Þ,¡Þ,¡Þ,¡Þ,¡Þ,¡Þ,¡Þ,¡Þ,¡Þ,¡Þ,¡Þ,¡Þ,¡Þ,¡Þ,¡Þ,¡Þ,¡Þ,¡Þ,¡Þ,¡Þ,¡Þ,¡Þ,¡Þ,¡Þ,¡Þ,¡Þ,¡Þ,¡Þ,¡Þ,¡Þ,¡Þ,¡Þ,¡Þ,¡Þ,¡Þ,¡Þ,¡Þ,¡Þ,1309,¡Þ,¡Þ,¡Þ,¡Þ,¡Þ,¡Þ,¡Þ,¡Þ,¡Þ,¡Þ,¡Þ,¡Þ,¡Þ,¡Þ,¡Þ,¡Þ,¡Þ,¡Þ,¡Þ,¡Þ,¡Þ,¡Þ,¡Þ,¡Þ,¡Þ,¡Þ,¡Þ,¡Þ,¡Þ,¡Þ,¡Þ,
¡Þ,¡Þ,¡Þ,1626,¡Þ,¡Þ,¡Þ,¡Þ,¡Þ,¡Þ,¡Þ,¡Þ,¡Þ,¡Þ,¡Þ,¡Þ,¡Þ,¡Þ,¡Þ,¡Þ,¡Þ,¡Þ,¡Þ,¡Þ,¡Þ,¡Þ,¡Þ,¡Þ,¡Þ,¡Þ,¡Þ,¡Þ,¡Þ,¡Þ,¡Þ,¡Þ,¡Þ,¡Þ,¡Þ,¡Þ,¡Þ,¡Þ,¡Þ,¡Þ,¡Þ,¡Þ,¡Þ,¡Þ,1459,¡Þ,¡Þ,¡Þ,¡Þ,¡Þ,¡Þ,¡Þ,¡Þ,¡Þ,¡Þ,¡Þ,¡Þ,¡Þ,¡Þ,¡Þ,¡Þ,¡Þ,¡Þ,¡Þ,¡Þ,¡Þ,¡Þ,¡Þ,¡Þ,¡Þ,¡Þ,¡Þ,¡Þ,¡Þ,¡Þ,¡Þ,¡Þ,¡Þ,¡Þ,¡Þ,¡Þ,¡Þ,¡Þ,¡Þ,¡Þ,¡Þ,¡Þ,¡Þ,¡Þ,1335,¡Þ,¡Þ,¡Þ,¡Þ,¡Þ,¡Þ,¡Þ,¡Þ,¡Þ,¡Þ,¡Þ,¡Þ,¡Þ,¡Þ,¡Þ,¡Þ,¡Þ,¡Þ,¡Þ,¡Þ,¡Þ,¡Þ,¡Þ,¡Þ,¡Þ,¡Þ,¡Þ,¡Þ,¡Þ,¡Þ,¡Þ,¡Þ,¡Þ,¡Þ,¡Þ,¡Þ,¡Þ,¡Þ,¡Þ,¡Þ,¡Þ,¡Þ,¡Þ,¡Þ,¡Þ,¡Þ,¡Þ,¡Þ,¡Þ,¡Þ,¡Þ,¡Þ,¡Þ,¡Þ,¡Þ,¡Þ,¡Þ,¡Þ,¡Þ,¡Þ,¡Þ,¡Þ,¡Þ,¡Þ,¡Þ,¡Þ,¡Þ,¡Þ,2477,¡Þ,¡Þ,¡Þ,¡Þ,
¡Þ,¡Þ,¡Þ,¡Þ,¡Þ,¡Þ,¡Þ,¡Þ,¡Þ,¡Þ,¡Þ,¡Þ,¡Þ,¡Þ,¡Þ,¡Þ,¡Þ,¡Þ,¡Þ,¡Þ,¡Þ,¡Þ,¡Þ,¡Þ,¡Þ,¡Þ,¡Þ,¡Þ,¡Þ,¡Þ,¡Þ,¡Þ,¡Þ,¡Þ,¡Þ,¡Þ,¡Þ,1145,¡Þ,¡Þ,¡Þ,¡Þ,¡Þ,¡Þ,¡Þ,¡Þ,¡Þ,¡Þ,¡Þ,¡Þ,¡Þ,¡Þ,¡Þ,¡Þ,¡Þ,¡Þ,¡Þ,¡Þ,¡Þ,¡Þ,¡Þ,¡Þ,¡Þ,¡Þ,¡Þ,¡Þ,¡Þ,¡Þ,¡Þ,¡Þ,¡Þ,¡Þ,¡Þ,¡Þ,¡Þ,¡Þ,¡Þ,¡Þ,¡Þ,¡Þ,¡Þ,¡Þ,¡Þ,¡Þ,¡Þ,¡Þ,¡Þ,¡Þ,¡Þ,¡Þ,¡Þ,¡Þ,¡Þ,¡Þ,¡Þ,¡Þ,¡Þ,¡Þ,¡Þ,¡Þ,¡Þ,¡Þ,¡Þ,¡Þ,¡Þ,¡Þ,¡Þ,¡Þ,¡Þ,¡Þ,¡Þ,¡Þ,¡Þ,¡Þ,¡Þ,¡Þ,¡Þ,¡Þ,¡Þ,¡Þ,¡Þ,¡Þ,¡Þ,¡Þ,¡Þ,¡Þ,¡Þ,¡Þ,¡Þ,¡Þ,¡Þ,¡Þ,¡Þ,¡Þ,2126,¡Þ,¡Þ,¡Þ,¡Þ,¡Þ,¡Þ,¡Þ,¡Þ,¡Þ,¡Þ,¡Þ,¡Þ,¡Þ,¡Þ,¡Þ,¡Þ,¡Þ,¡Þ,¡Þ,¡Þ,¡Þ,¡Þ,¡Þ,¡Þ,¡Þ,¡Þ,¡Þ,¡Þ,¡Þ,¡Þ,¡Þ,¡Þ,
¡Þ,¡Þ,¡Þ,¡Þ,¡Þ,¡Þ,¡Þ,¡Þ,¡Þ,¡Þ,¡Þ,¡Þ,¡Þ,¡Þ,¡Þ,¡Þ,¡Þ,¡Þ,¡Þ,¡Þ,¡Þ,¡Þ,¡Þ,¡Þ,¡Þ,¡Þ,¡Þ,¡Þ,¡Þ,¡Þ,¡Þ,¡Þ,¡Þ,¡Þ,¡Þ,¡Þ,¡Þ,¡Þ,¡Þ,¡Þ,¡Þ,¡Þ,¡Þ,¡Þ,¡Þ,¡Þ,¡Þ,¡Þ,¡Þ,¡Þ,¡Þ,¡Þ,¡Þ,¡Þ,¡Þ,¡Þ,¡Þ,¡Þ,¡Þ,¡Þ,¡Þ,¡Þ,¡Þ,¡Þ,¡Þ,¡Þ,¡Þ,¡Þ,¡Þ,¡Þ,¡Þ,¡Þ,¡Þ,¡Þ,¡Þ,¡Þ,¡Þ,¡Þ,¡Þ,¡Þ,¡Þ,¡Þ,¡Þ,¡Þ,¡Þ,¡Þ,¡Þ,¡Þ,¡Þ,¡Þ,¡Þ,¡Þ,¡Þ,¡Þ,¡Þ,¡Þ,¡Þ,¡Þ,¡Þ,¡Þ,¡Þ,¡Þ,¡Þ,¡Þ,¡Þ,¡Þ,¡Þ,¡Þ,¡Þ,¡Þ,¡Þ,¡Þ,¡Þ,¡Þ,¡Þ,¡Þ,¡Þ,1521,¡Þ,¡Þ,¡Þ,¡Þ,¡Þ,¡Þ,¡Þ,¡Þ,¡Þ,¡Þ,¡Þ,¡Þ,¡Þ,¡Þ,¡Þ,¡Þ,¡Þ,¡Þ,¡Þ,¡Þ,¡Þ,¡Þ,¡Þ,¡Þ,¡Þ,¡Þ,¡Þ,3453,¡Þ,¡Þ,¡Þ,¡Þ,¡Þ,¡Þ,¡Þ,¡Þ,¡Þ,¡Þ,¡Þ,¡Þ,¡Þ,¡Þ,¡Þ,¡Þ,¡Þ,¡Þ,¡Þ,¡Þ,¡Þ,
¡Þ,¡Þ,¡Þ,¡Þ,¡Þ,¡Þ,¡Þ,¡Þ,¡Þ,¡Þ,¡Þ,¡Þ,¡Þ,¡Þ,¡Þ,¡Þ,¡Þ,¡Þ,¡Þ,¡Þ,¡Þ,¡Þ,¡Þ,¡Þ,¡Þ,¡Þ,¡Þ,¡Þ,¡Þ,¡Þ,¡Þ,¡Þ,¡Þ,¡Þ,¡Þ,¡Þ,¡Þ,¡Þ,1207,¡Þ,¡Þ,¡Þ,¡Þ,¡Þ,¡Þ,¡Þ,¡Þ,¡Þ,¡Þ,¡Þ,¡Þ,¡Þ,¡Þ,¡Þ,¡Þ,¡Þ,¡Þ,¡Þ,¡Þ,¡Þ,¡Þ,¡Þ,627,¡Þ,¡Þ,¡Þ,¡Þ,¡Þ,¡Þ,¡Þ,¡Þ,¡Þ,¡Þ,¡Þ,¡Þ,¡Þ,¡Þ,¡Þ,¡Þ,¡Þ,¡Þ,¡Þ,¡Þ,¡Þ,¡Þ,¡Þ,¡Þ,¡Þ,¡Þ,¡Þ,¡Þ,¡Þ,¡Þ,¡Þ,¡Þ,¡Þ,¡Þ,¡Þ,¡Þ,¡Þ,¡Þ,¡Þ,¡Þ,¡Þ,¡Þ,¡Þ,¡Þ,¡Þ,1401,¡Þ,¡Þ,¡Þ,¡Þ,¡Þ,¡Þ,¡Þ,¡Þ,¡Þ,¡Þ,¡Þ,¡Þ,¡Þ,¡Þ,¡Þ,¡Þ,¡Þ,¡Þ,¡Þ,¡Þ,¡Þ,¡Þ,¡Þ,¡Þ,¡Þ,¡Þ,¡Þ,¡Þ,¡Þ,¡Þ,¡Þ,¡Þ,¡Þ,¡Þ,¡Þ,¡Þ,¡Þ,¡Þ,¡Þ,¡Þ,¡Þ,¡Þ,¡Þ,¡Þ,¡Þ,¡Þ,¡Þ,¡Þ,¡Þ,893,¡Þ,¡Þ,¡Þ,¡Þ,¡Þ,¡Þ,¡Þ,¡Þ,
¡Þ,¡Þ,¡Þ,¡Þ,815,¡Þ,¡Þ,¡Þ,¡Þ,¡Þ,¡Þ,¡Þ,¡Þ,¡Þ,¡Þ,¡Þ,¡Þ,¡Þ,¡Þ,¡Þ,¡Þ,¡Þ,¡Þ,¡Þ,¡Þ,¡Þ,¡Þ,¡Þ,¡Þ,¡Þ,¡Þ,¡Þ,¡Þ,¡Þ,¡Þ,¡Þ,¡Þ,¡Þ,¡Þ,¡Þ,¡Þ,¡Þ,¡Þ,¡Þ,¡Þ,¡Þ,¡Þ,¡Þ,¡Þ,1787,¡Þ,¡Þ,¡Þ,¡Þ,¡Þ,¡Þ,¡Þ,¡Þ,¡Þ,¡Þ,1212,¡Þ,¡Þ,¡Þ,¡Þ,¡Þ,¡Þ,¡Þ,¡Þ,¡Þ,¡Þ,¡Þ,¡Þ,¡Þ,¡Þ,¡Þ,¡Þ,¡Þ,¡Þ,¡Þ,¡Þ,¡Þ,¡Þ,¡Þ,¡Þ,¡Þ,¡Þ,¡Þ,¡Þ,¡Þ,¡Þ,¡Þ,¡Þ,¡Þ,¡Þ,¡Þ,¡Þ,¡Þ,¡Þ,¡Þ,¡Þ,2297,¡Þ,¡Þ,¡Þ,¡Þ,¡Þ,¡Þ,¡Þ,¡Þ,¡Þ,¡Þ,¡Þ,¡Þ,¡Þ,¡Þ,¡Þ,¡Þ,¡Þ,¡Þ,¡Þ,¡Þ,¡Þ,¡Þ,¡Þ,¡Þ,¡Þ,¡Þ,¡Þ,¡Þ,¡Þ,¡Þ,¡Þ,¡Þ,¡Þ,¡Þ,¡Þ,¡Þ,¡Þ,¡Þ,¡Þ,¡Þ,¡Þ,¡Þ,¡Þ,¡Þ,¡Þ,¡Þ,¡Þ,¡Þ,¡Þ,¡Þ,¡Þ,¡Þ,¡Þ,¡Þ,¡Þ,¡Þ,¡Þ,¡Þ,¡Þ,¡Þ,¡Þ,¡Þ,¡Þ,¡Þ,¡Þ,
¡Þ,¡Þ,¡Þ,¡Þ,¡Þ,¡Þ,¡Þ,¡Þ,¡Þ,¡Þ,¡Þ,¡Þ,¡Þ,¡Þ,¡Þ,¡Þ,¡Þ,¡Þ,¡Þ,¡Þ,¡Þ,¡Þ,¡Þ,¡Þ,¡Þ,¡Þ,¡Þ,¡Þ,¡Þ,¡Þ,¡Þ,¡Þ,874,¡Þ,¡Þ,¡Þ,781,¡Þ,¡Þ,¡Þ,¡Þ,¡Þ,¡Þ,¡Þ,¡Þ,¡Þ,¡Þ,¡Þ,¡Þ,¡Þ,¡Þ,¡Þ,¡Þ,¡Þ,¡Þ,¡Þ,¡Þ,¡Þ,¡Þ,¡Þ,¡Þ,¡Þ,¡Þ,¡Þ,¡Þ,¡Þ,768,¡Þ,¡Þ,¡Þ,¡Þ,¡Þ,¡Þ,¡Þ,¡Þ,¡Þ,¡Þ,¡Þ,¡Þ,¡Þ,¡Þ,¡Þ,¡Þ,¡Þ,¡Þ,¡Þ,¡Þ,¡Þ,¡Þ,¡Þ,¡Þ,¡Þ,¡Þ,¡Þ,¡Þ,¡Þ,¡Þ,¡Þ,¡Þ,¡Þ,¡Þ,¡Þ,¡Þ,¡Þ,¡Þ,¡Þ,¡Þ,¡Þ,¡Þ,¡Þ,¡Þ,¡Þ,¡Þ,¡Þ,714,¡Þ,¡Þ,¡Þ,¡Þ,¡Þ,¡Þ,¡Þ,¡Þ,¡Þ,¡Þ,¡Þ,¡Þ,¡Þ,¡Þ,¡Þ,¡Þ,¡Þ,¡Þ,¡Þ,¡Þ,¡Þ,¡Þ,¡Þ,¡Þ,¡Þ,¡Þ,¡Þ,¡Þ,¡Þ,¡Þ,¡Þ,¡Þ,¡Þ,¡Þ,¡Þ,¡Þ,¡Þ,¡Þ,¡Þ,¡Þ,¡Þ,¡Þ,¡Þ,¡Þ,¡Þ,¡Þ,¡Þ,¡Þ,¡Þ,¡Þ,¡Þ,¡Þ,
¡Þ,¡Þ,¡Þ,¡Þ,¡Þ,¡Þ,¡Þ,¡Þ,¡Þ,¡Þ,¡Þ,¡Þ,¡Þ,¡Þ,¡Þ,¡Þ,¡Þ,¡Þ,¡Þ,¡Þ,¡Þ,¡Þ,¡Þ,¡Þ,¡Þ,¡Þ,¡Þ,¡Þ,¡Þ,¡Þ,¡Þ,¡Þ,¡Þ,¡Þ,¡Þ,¡Þ,¡Þ,¡Þ,¡Þ,¡Þ,¡Þ,¡Þ,¡Þ,¡Þ,¡Þ,¡Þ,¡Þ,¡Þ,¡Þ,¡Þ,¡Þ,¡Þ,¡Þ,¡Þ,¡Þ,¡Þ,¡Þ,¡Þ,¡Þ,¡Þ,¡Þ,¡Þ,¡Þ,¡Þ,¡Þ,¡Þ,¡Þ,¡Þ,¡Þ,¡Þ,¡Þ,¡Þ,¡Þ,¡Þ,¡Þ,¡Þ,¡Þ,¡Þ,¡Þ,¡Þ,¡Þ,¡Þ,¡Þ,¡Þ,¡Þ,¡Þ,¡Þ,¡Þ,¡Þ,¡Þ,¡Þ,¡Þ,¡Þ,¡Þ,¡Þ,1431,¡Þ,¡Þ,¡Þ,¡Þ,¡Þ,¡Þ,¡Þ,¡Þ,¡Þ,¡Þ,¡Þ,¡Þ,¡Þ,¡Þ,¡Þ,¡Þ,¡Þ,¡Þ,¡Þ,¡Þ,¡Þ,¡Þ,¡Þ,¡Þ,¡Þ,¡Þ,¡Þ,¡Þ,¡Þ,¡Þ,¡Þ,¡Þ,¡Þ,¡Þ,¡Þ,¡Þ,¡Þ,¡Þ,¡Þ,¡Þ,¡Þ,¡Þ,¡Þ,¡Þ,¡Þ,¡Þ,¡Þ,¡Þ,¡Þ,¡Þ,¡Þ,¡Þ,¡Þ,¡Þ,¡Þ,¡Þ,¡Þ,¡Þ,¡Þ,¡Þ,¡Þ,¡Þ,¡Þ,¡Þ,¡Þ,¡Þ,¡Þ,¡Þ,¡Þ,¡Þ,¡Þ,
¡Þ,¡Þ,¡Þ,¡Þ,¡Þ,¡Þ,¡Þ,¡Þ,¡Þ,¡Þ,¡Þ,¡Þ,¡Þ,¡Þ,¡Þ,1575,¡Þ,¡Þ,¡Þ,¡Þ,¡Þ,¡Þ,¡Þ,¡Þ,¡Þ,¡Þ,¡Þ,¡Þ,¡Þ,¡Þ,¡Þ,¡Þ,¡Þ,¡Þ,¡Þ,¡Þ,¡Þ,¡Þ,¡Þ,¡Þ,¡Þ,¡Þ,¡Þ,¡Þ,¡Þ,¡Þ,¡Þ,¡Þ,¡Þ,¡Þ,¡Þ,¡Þ,¡Þ,¡Þ,¡Þ,¡Þ,¡Þ,¡Þ,¡Þ,¡Þ,¡Þ,¡Þ,¡Þ,¡Þ,¡Þ,¡Þ,¡Þ,¡Þ,¡Þ,¡Þ,¡Þ,¡Þ,¡Þ,¡Þ,¡Þ,¡Þ,¡Þ,¡Þ,¡Þ,¡Þ,¡Þ,¡Þ,¡Þ,¡Þ,¡Þ,¡Þ,¡Þ,¡Þ,¡Þ,¡Þ,¡Þ,¡Þ,¡Þ,¡Þ,¡Þ,¡Þ,¡Þ,¡Þ,¡Þ,¡Þ,¡Þ,¡Þ,¡Þ,¡Þ,¡Þ,¡Þ,¡Þ,¡Þ,¡Þ,¡Þ,¡Þ,¡Þ,¡Þ,¡Þ,¡Þ,¡Þ,¡Þ,¡Þ,¡Þ,¡Þ,¡Þ,¡Þ,¡Þ,¡Þ,¡Þ,¡Þ,¡Þ,¡Þ,¡Þ,¡Þ,¡Þ,¡Þ,¡Þ,¡Þ,¡Þ,¡Þ,1138,¡Þ,¡Þ,¡Þ,¡Þ,¡Þ,¡Þ,¡Þ,¡Þ,¡Þ,¡Þ,¡Þ,¡Þ,¡Þ,¡Þ,¡Þ,¡Þ,¡Þ,¡Þ,¡Þ,¡Þ,¡Þ,¡Þ,¡Þ,¡Þ,¡Þ,¡Þ,¡Þ,¡Þ,¡Þ,¡Þ,
¡Þ,¡Þ,¡Þ,¡Þ,¡Þ,¡Þ,¡Þ,¡Þ,¡Þ,¡Þ,¡Þ,¡Þ,¡Þ,¡Þ,¡Þ,¡Þ,¡Þ,¡Þ,¡Þ,¡Þ,¡Þ,¡Þ,¡Þ,¡Þ,¡Þ,¡Þ,¡Þ,¡Þ,1197,¡Þ,¡Þ,¡Þ,¡Þ,¡Þ,¡Þ,¡Þ,¡Þ,¡Þ,¡Þ,¡Þ,¡Þ,649,¡Þ,¡Þ,¡Þ,¡Þ,¡Þ,¡Þ,¡Þ,¡Þ,¡Þ,¡Þ,¡Þ,¡Þ,¡Þ,¡Þ,¡Þ,¡Þ,¡Þ,¡Þ,¡Þ,¡Þ,¡Þ,¡Þ,¡Þ,¡Þ,¡Þ,¡Þ,¡Þ,¡Þ,¡Þ,¡Þ,¡Þ,¡Þ,¡Þ,¡Þ,¡Þ,¡Þ,¡Þ,¡Þ,¡Þ,¡Þ,¡Þ,¡Þ,¡Þ,¡Þ,¡Þ,¡Þ,¡Þ,¡Þ,¡Þ,¡Þ,¡Þ,¡Þ,¡Þ,¡Þ,¡Þ,¡Þ,¡Þ,¡Þ,¡Þ,¡Þ,¡Þ,¡Þ,¡Þ,¡Þ,¡Þ,¡Þ,¡Þ,¡Þ,¡Þ,¡Þ,¡Þ,¡Þ,¡Þ,¡Þ,¡Þ,¡Þ,¡Þ,¡Þ,¡Þ,¡Þ,¡Þ,¡Þ,¡Þ,¡Þ,¡Þ,¡Þ,¡Þ,¡Þ,¡Þ,¡Þ,¡Þ,¡Þ,¡Þ,¡Þ,¡Þ,¡Þ,¡Þ,¡Þ,¡Þ,¡Þ,¡Þ,¡Þ,¡Þ,¡Þ,¡Þ,¡Þ,¡Þ,¡Þ,¡Þ,¡Þ,¡Þ,¡Þ,¡Þ,¡Þ,¡Þ,¡Þ,¡Þ,¡Þ,¡Þ,¡Þ,¡Þ,¡Þ,¡Þ,¡Þ,¡Þ,
¡Þ,¡Þ,¡Þ,¡Þ,¡Þ,¡Þ,¡Þ,¡Þ,¡Þ,¡Þ,¡Þ,¡Þ,1779,¡Þ,¡Þ,¡Þ,¡Þ,¡Þ,¡Þ,¡Þ,¡Þ,¡Þ,¡Þ,¡Þ,¡Þ,¡Þ,¡Þ,¡Þ,¡Þ,¡Þ,¡Þ,¡Þ,¡Þ,¡Þ,¡Þ,¡Þ,¡Þ,¡Þ,¡Þ,¡Þ,¡Þ,¡Þ,¡Þ,¡Þ,¡Þ,¡Þ,¡Þ,¡Þ,¡Þ,¡Þ,¡Þ,¡Þ,¡Þ,¡Þ,¡Þ,2305,¡Þ,¡Þ,¡Þ,¡Þ,¡Þ,¡Þ,¡Þ,¡Þ,¡Þ,¡Þ,¡Þ,¡Þ,¡Þ,¡Þ,¡Þ,¡Þ,¡Þ,¡Þ,¡Þ,¡Þ,¡Þ,¡Þ,¡Þ,¡Þ,¡Þ,¡Þ,¡Þ,¡Þ,¡Þ,¡Þ,¡Þ,¡Þ,¡Þ,¡Þ,¡Þ,¡Þ,¡Þ,¡Þ,¡Þ,¡Þ,¡Þ,¡Þ,¡Þ,¡Þ,¡Þ,¡Þ,¡Þ,¡Þ,¡Þ,¡Þ,¡Þ,¡Þ,¡Þ,¡Þ,¡Þ,¡Þ,¡Þ,¡Þ,¡Þ,¡Þ,¡Þ,¡Þ,¡Þ,¡Þ,¡Þ,¡Þ,¡Þ,¡Þ,¡Þ,¡Þ,¡Þ,¡Þ,¡Þ,¡Þ,¡Þ,¡Þ,¡Þ,¡Þ,¡Þ,¡Þ,¡Þ,¡Þ,¡Þ,¡Þ,¡Þ,¡Þ,¡Þ,¡Þ,¡Þ,¡Þ,¡Þ,¡Þ,¡Þ,¡Þ,¡Þ,¡Þ,¡Þ,¡Þ,¡Þ,¡Þ,¡Þ,¡Þ,¡Þ,¡Þ,¡Þ,¡Þ,¡Þ,¡Þ,¡Þ,¡Þ,¡Þ,
¡Þ,¡Þ,¡Þ,¡Þ,¡Þ,¡Þ,¡Þ,¡Þ,¡Þ,¡Þ,¡Þ,¡Þ,¡Þ,¡Þ,¡Þ,¡Þ,¡Þ,¡Þ,¡Þ,¡Þ,¡Þ,¡Þ,¡Þ,¡Þ,¡Þ,¡Þ,¡Þ,¡Þ,¡Þ,¡Þ,¡Þ,¡Þ,¡Þ,¡Þ,¡Þ,¡Þ,¡Þ,¡Þ,¡Þ,¡Þ,¡Þ,¡Þ,¡Þ,¡Þ,¡Þ,¡Þ,747,¡Þ,¡Þ,¡Þ,¡Þ,1296,¡Þ,¡Þ,¡Þ,¡Þ,¡Þ,¡Þ,¡Þ,¡Þ,¡Þ,¡Þ,¡Þ,¡Þ,¡Þ,¡Þ,¡Þ,¡Þ,¡Þ,¡Þ,¡Þ,¡Þ,¡Þ,¡Þ,¡Þ,¡Þ,¡Þ,¡Þ,¡Þ,¡Þ,¡Þ,¡Þ,¡Þ,¡Þ,¡Þ,¡Þ,¡Þ,¡Þ,¡Þ,¡Þ,¡Þ,¡Þ,¡Þ,¡Þ,¡Þ,¡Þ,¡Þ,¡Þ,¡Þ,¡Þ,¡Þ,¡Þ,¡Þ,¡Þ,¡Þ,¡Þ,¡Þ,¡Þ,¡Þ,¡Þ,¡Þ,¡Þ,¡Þ,¡Þ,¡Þ,¡Þ,¡Þ,¡Þ,¡Þ,¡Þ,¡Þ,¡Þ,¡Þ,¡Þ,¡Þ,¡Þ,¡Þ,¡Þ,¡Þ,¡Þ,¡Þ,¡Þ,¡Þ,¡Þ,¡Þ,¡Þ,¡Þ,¡Þ,¡Þ,¡Þ,¡Þ,¡Þ,¡Þ,¡Þ,¡Þ,¡Þ,¡Þ,¡Þ,¡Þ,¡Þ,¡Þ,¡Þ,¡Þ,¡Þ,¡Þ,¡Þ,¡Þ,¡Þ,¡Þ,¡Þ,¡Þ,¡Þ,¡Þ,¡Þ,¡Þ,¡Þ,¡Þ,
¡Þ,¡Þ,¡Þ,¡Þ,¡Þ,¡Þ,¡Þ,¡Þ,¡Þ,¡Þ,¡Þ,¡Þ,¡Þ,¡Þ,875,¡Þ,¡Þ,¡Þ,¡Þ,¡Þ,¡Þ,¡Þ,¡Þ,¡Þ,¡Þ,¡Þ,¡Þ,¡Þ,¡Þ,¡Þ,¡Þ,¡Þ,¡Þ,¡Þ,¡Þ,¡Þ,¡Þ,¡Þ,¡Þ,¡Þ,¡Þ,¡Þ,¡Þ,¡Þ,¡Þ,¡Þ,¡Þ,¡Þ,¡Þ,¡Þ,¡Þ,¡Þ,¡Þ,¡Þ,¡Þ,¡Þ,¡Þ,¡Þ,¡Þ,¡Þ,¡Þ,¡Þ,¡Þ,¡Þ,¡Þ,¡Þ,¡Þ,¡Þ,¡Þ,¡Þ,¡Þ,¡Þ,¡Þ,¡Þ,¡Þ,¡Þ,¡Þ,¡Þ,¡Þ,¡Þ,¡Þ,¡Þ,¡Þ,¡Þ,¡Þ,¡Þ,¡Þ,¡Þ,¡Þ,¡Þ,¡Þ,¡Þ,¡Þ,¡Þ,¡Þ,¡Þ,¡Þ,¡Þ,¡Þ,¡Þ,¡Þ,¡Þ,¡Þ,¡Þ,¡Þ,¡Þ,¡Þ,¡Þ,¡Þ,¡Þ,¡Þ,¡Þ,¡Þ,¡Þ,¡Þ,¡Þ,¡Þ,¡Þ,¡Þ,¡Þ,¡Þ,¡Þ,¡Þ,¡Þ,¡Þ,¡Þ,¡Þ,¡Þ,¡Þ,¡Þ,¡Þ,¡Þ,¡Þ,¡Þ,¡Þ,¡Þ,1068,¡Þ,¡Þ,¡Þ,¡Þ,¡Þ,¡Þ,¡Þ,¡Þ,¡Þ,¡Þ,¡Þ,¡Þ,¡Þ,¡Þ,¡Þ,¡Þ,¡Þ,¡Þ,¡Þ,¡Þ,2091,¡Þ,¡Þ,¡Þ,¡Þ,¡Þ,¡Þ,¡Þ,¡Þ,¡Þ,
¡Þ,¡Þ,¡Þ,¡Þ,¡Þ,¡Þ,¡Þ,¡Þ,¡Þ,¡Þ,¡Þ,¡Þ,¡Þ,¡Þ,¡Þ,¡Þ,¡Þ,¡Þ,¡Þ,¡Þ,¡Þ,¡Þ,¡Þ,¡Þ,¡Þ,¡Þ,¡Þ,¡Þ,¡Þ,¡Þ,¡Þ,¡Þ,¡Þ,¡Þ,¡Þ,¡Þ,¡Þ,¡Þ,¡Þ,¡Þ,¡Þ,¡Þ,¡Þ,¡Þ,1967,¡Þ,¡Þ,¡Þ,¡Þ,¡Þ,¡Þ,¡Þ,¡Þ,¡Þ,¡Þ,¡Þ,¡Þ,¡Þ,¡Þ,¡Þ,¡Þ,¡Þ,¡Þ,¡Þ,¡Þ,¡Þ,¡Þ,¡Þ,¡Þ,¡Þ,¡Þ,¡Þ,¡Þ,¡Þ,¡Þ,¡Þ,¡Þ,¡Þ,¡Þ,¡Þ,¡Þ,¡Þ,1367,¡Þ,¡Þ,¡Þ,¡Þ,¡Þ,¡Þ,¡Þ,¡Þ,¡Þ,¡Þ,¡Þ,¡Þ,¡Þ,¡Þ,¡Þ,¡Þ,¡Þ,¡Þ,¡Þ,¡Þ,¡Þ,¡Þ,¡Þ,¡Þ,¡Þ,¡Þ,¡Þ,¡Þ,¡Þ,¡Þ,¡Þ,¡Þ,¡Þ,¡Þ,¡Þ,¡Þ,¡Þ,¡Þ,¡Þ,¡Þ,¡Þ,¡Þ,¡Þ,¡Þ,¡Þ,¡Þ,¡Þ,¡Þ,¡Þ,¡Þ,¡Þ,¡Þ,¡Þ,¡Þ,¡Þ,¡Þ,¡Þ,¡Þ,¡Þ,¡Þ,¡Þ,¡Þ,¡Þ,¡Þ,¡Þ,¡Þ,¡Þ,¡Þ,¡Þ,¡Þ,¡Þ,¡Þ,¡Þ,¡Þ,¡Þ,¡Þ,¡Þ,¡Þ,¡Þ,¡Þ,¡Þ,¡Þ,¡Þ,¡Þ,
¡Þ,¡Þ,¡Þ,¡Þ,¡Þ,¡Þ,¡Þ,¡Þ,¡Þ,¡Þ,¡Þ,¡Þ,¡Þ,¡Þ,¡Þ,¡Þ,¡Þ,¡Þ,¡Þ,¡Þ,¡Þ,¡Þ,¡Þ,¡Þ,3664,¡Þ,¡Þ,¡Þ,¡Þ,¡Þ,¡Þ,¡Þ,¡Þ,¡Þ,¡Þ,¡Þ,¡Þ,¡Þ,¡Þ,¡Þ,¡Þ,¡Þ,¡Þ,¡Þ,¡Þ,¡Þ,¡Þ,¡Þ,¡Þ,¡Þ,¡Þ,¡Þ,¡Þ,¡Þ,¡Þ,¡Þ,¡Þ,¡Þ,¡Þ,¡Þ,¡Þ,¡Þ,¡Þ,¡Þ,¡Þ,¡Þ,¡Þ,¡Þ,¡Þ,¡Þ,¡Þ,¡Þ,¡Þ,¡Þ,¡Þ,¡Þ,¡Þ,¡Þ,¡Þ,¡Þ,¡Þ,¡Þ,¡Þ,¡Þ,¡Þ,¡Þ,¡Þ,¡Þ,¡Þ,¡Þ,¡Þ,¡Þ,¡Þ,¡Þ,¡Þ,¡Þ,¡Þ,¡Þ,¡Þ,¡Þ,¡Þ,¡Þ,¡Þ,¡Þ,¡Þ,¡Þ,¡Þ,¡Þ,¡Þ,¡Þ,¡Þ,¡Þ,¡Þ,¡Þ,¡Þ,¡Þ,¡Þ,¡Þ,¡Þ,¡Þ,¡Þ,¡Þ,¡Þ,¡Þ,¡Þ,¡Þ,¡Þ,¡Þ,¡Þ,¡Þ,¡Þ,¡Þ,¡Þ,¡Þ,¡Þ,¡Þ,¡Þ,¡Þ,¡Þ,¡Þ,¡Þ,¡Þ,¡Þ,¡Þ,¡Þ,¡Þ,¡Þ,¡Þ,¡Þ,¡Þ,¡Þ,¡Þ,¡Þ,¡Þ,¡Þ,¡Þ,¡Þ,¡Þ,¡Þ,¡Þ,¡Þ,¡Þ,1504,¡Þ,¡Þ,¡Þ,¡Þ,
¡Þ,¡Þ,¡Þ,¡Þ,¡Þ,¡Þ,¡Þ,¡Þ,¡Þ,¡Þ,¡Þ,¡Þ,¡Þ,¡Þ,¡Þ,¡Þ,¡Þ,¡Þ,¡Þ,¡Þ,¡Þ,¡Þ,¡Þ,¡Þ,¡Þ,¡Þ,¡Þ,¡Þ,¡Þ,¡Þ,¡Þ,¡Þ,¡Þ,¡Þ,¡Þ,¡Þ,¡Þ,¡Þ,¡Þ,¡Þ,¡Þ,¡Þ,¡Þ,¡Þ,¡Þ,¡Þ,¡Þ,¡Þ,¡Þ,¡Þ,¡Þ,¡Þ,¡Þ,¡Þ,¡Þ,¡Þ,¡Þ,¡Þ,¡Þ,¡Þ,¡Þ,¡Þ,¡Þ,¡Þ,¡Þ,¡Þ,¡Þ,¡Þ,¡Þ,¡Þ,¡Þ,¡Þ,¡Þ,¡Þ,¡Þ,¡Þ,¡Þ,¡Þ,¡Þ,¡Þ,¡Þ,¡Þ,¡Þ,¡Þ,¡Þ,¡Þ,¡Þ,¡Þ,¡Þ,1671,¡Þ,¡Þ,¡Þ,¡Þ,¡Þ,¡Þ,¡Þ,¡Þ,¡Þ,¡Þ,¡Þ,¡Þ,¡Þ,¡Þ,1742,¡Þ,¡Þ,¡Þ,¡Þ,¡Þ,¡Þ,¡Þ,¡Þ,¡Þ,¡Þ,¡Þ,¡Þ,¡Þ,¡Þ,¡Þ,¡Þ,¡Þ,¡Þ,¡Þ,¡Þ,¡Þ,¡Þ,¡Þ,¡Þ,¡Þ,¡Þ,¡Þ,¡Þ,¡Þ,¡Þ,¡Þ,¡Þ,¡Þ,¡Þ,¡Þ,¡Þ,¡Þ,¡Þ,¡Þ,¡Þ,¡Þ,¡Þ,¡Þ,¡Þ,¡Þ,¡Þ,¡Þ,¡Þ,¡Þ,¡Þ,¡Þ,¡Þ,¡Þ,¡Þ,¡Þ,¡Þ,¡Þ,¡Þ,¡Þ,¡Þ,¡Þ,¡Þ,
¡Þ,¡Þ,¡Þ,¡Þ,¡Þ,¡Þ,¡Þ,¡Þ,¡Þ,¡Þ,¡Þ,¡Þ,¡Þ,¡Þ,¡Þ,¡Þ,¡Þ,¡Þ,¡Þ,¡Þ,¡Þ,¡Þ,¡Þ,984,¡Þ,¡Þ,¡Þ,¡Þ,¡Þ,¡Þ,¡Þ,¡Þ,¡Þ,¡Þ,¡Þ,¡Þ,¡Þ,¡Þ,¡Þ,¡Þ,¡Þ,¡Þ,¡Þ,¡Þ,¡Þ,¡Þ,¡Þ,¡Þ,¡Þ,¡Þ,¡Þ,¡Þ,¡Þ,¡Þ,¡Þ,¡Þ,¡Þ,¡Þ,¡Þ,¡Þ,¡Þ,¡Þ,¡Þ,¡Þ,¡Þ,¡Þ,¡Þ,¡Þ,¡Þ,¡Þ,¡Þ,¡Þ,¡Þ,¡Þ,¡Þ,¡Þ,¡Þ,¡Þ,¡Þ,¡Þ,¡Þ,¡Þ,¡Þ,¡Þ,¡Þ,¡Þ,¡Þ,¡Þ,¡Þ,¡Þ,¡Þ,¡Þ,¡Þ,¡Þ,¡Þ,¡Þ,¡Þ,¡Þ,¡Þ,¡Þ,¡Þ,¡Þ,¡Þ,¡Þ,¡Þ,¡Þ,¡Þ,¡Þ,¡Þ,¡Þ,¡Þ,¡Þ,¡Þ,¡Þ,¡Þ,¡Þ,¡Þ,¡Þ,¡Þ,¡Þ,2126,¡Þ,¡Þ,¡Þ,¡Þ,¡Þ,¡Þ,¡Þ,¡Þ,¡Þ,¡Þ,¡Þ,¡Þ,¡Þ,¡Þ,¡Þ,¡Þ,¡Þ,¡Þ,¡Þ,¡Þ,¡Þ,¡Þ,¡Þ,¡Þ,¡Þ,¡Þ,¡Þ,¡Þ,¡Þ,¡Þ,¡Þ,¡Þ,¡Þ,¡Þ,¡Þ,¡Þ,¡Þ,¡Þ,¡Þ,¡Þ,¡Þ,¡Þ,¡Þ,¡Þ,¡Þ,¡Þ,
¡Þ,¡Þ,¡Þ,¡Þ,¡Þ,¡Þ,¡Þ,¡Þ,¡Þ,¡Þ,¡Þ,¡Þ,¡Þ,¡Þ,¡Þ,¡Þ,¡Þ,¡Þ,¡Þ,¡Þ,¡Þ,¡Þ,¡Þ,¡Þ,¡Þ,¡Þ,¡Þ,¡Þ,¡Þ,¡Þ,¡Þ,¡Þ,¡Þ,¡Þ,¡Þ,¡Þ,¡Þ,¡Þ,¡Þ,¡Þ,¡Þ,¡Þ,¡Þ,¡Þ,¡Þ,¡Þ,¡Þ,¡Þ,¡Þ,¡Þ,¡Þ,¡Þ,¡Þ,¡Þ,¡Þ,¡Þ,¡Þ,¡Þ,¡Þ,¡Þ,¡Þ,¡Þ,¡Þ,¡Þ,¡Þ,¡Þ,¡Þ,¡Þ,¡Þ,¡Þ,¡Þ,¡Þ,¡Þ,¡Þ,¡Þ,¡Þ,¡Þ,¡Þ,¡Þ,¡Þ,¡Þ,¡Þ,¡Þ,¡Þ,¡Þ,843,¡Þ,¡Þ,¡Þ,¡Þ,¡Þ,¡Þ,¡Þ,¡Þ,¡Þ,¡Þ,¡Þ,¡Þ,¡Þ,¡Þ,¡Þ,¡Þ,¡Þ,¡Þ,¡Þ,¡Þ,¡Þ,¡Þ,¡Þ,¡Þ,¡Þ,¡Þ,¡Þ,¡Þ,¡Þ,¡Þ,¡Þ,¡Þ,1309,¡Þ,¡Þ,¡Þ,¡Þ,¡Þ,¡Þ,¡Þ,¡Þ,¡Þ,¡Þ,¡Þ,¡Þ,¡Þ,¡Þ,¡Þ,¡Þ,¡Þ,¡Þ,¡Þ,¡Þ,¡Þ,¡Þ,¡Þ,¡Þ,¡Þ,¡Þ,¡Þ,¡Þ,¡Þ,¡Þ,¡Þ,¡Þ,¡Þ,¡Þ,¡Þ,¡Þ,¡Þ,¡Þ,¡Þ,¡Þ,¡Þ,¡Þ,¡Þ,¡Þ,¡Þ,¡Þ,¡Þ,¡Þ,
¡Þ,¡Þ,¡Þ,¡Þ,¡Þ,¡Þ,¡Þ,¡Þ,¡Þ,¡Þ,¡Þ,¡Þ,¡Þ,¡Þ,¡Þ,¡Þ,¡Þ,¡Þ,¡Þ,¡Þ,1524,¡Þ,¡Þ,¡Þ,¡Þ,¡Þ,¡Þ,¡Þ,¡Þ,¡Þ,¡Þ,¡Þ,¡Þ,¡Þ,¡Þ,¡Þ,¡Þ,¡Þ,¡Þ,¡Þ,¡Þ,¡Þ,¡Þ,¡Þ,¡Þ,¡Þ,¡Þ,¡Þ,¡Þ,¡Þ,¡Þ,766,¡Þ,¡Þ,¡Þ,¡Þ,¡Þ,¡Þ,¡Þ,¡Þ,¡Þ,¡Þ,¡Þ,¡Þ,¡Þ,¡Þ,¡Þ,¡Þ,¡Þ,¡Þ,¡Þ,¡Þ,¡Þ,¡Þ,¡Þ,¡Þ,¡Þ,¡Þ,¡Þ,¡Þ,¡Þ,¡Þ,¡Þ,¡Þ,¡Þ,¡Þ,¡Þ,¡Þ,¡Þ,¡Þ,¡Þ,¡Þ,¡Þ,¡Þ,¡Þ,¡Þ,¡Þ,¡Þ,¡Þ,¡Þ,¡Þ,¡Þ,¡Þ,¡Þ,¡Þ,¡Þ,¡Þ,¡Þ,¡Þ,¡Þ,¡Þ,¡Þ,¡Þ,¡Þ,¡Þ,¡Þ,¡Þ,¡Þ,¡Þ,¡Þ,¡Þ,¡Þ,¡Þ,¡Þ,¡Þ,¡Þ,1138,¡Þ,¡Þ,¡Þ,1068,¡Þ,¡Þ,¡Þ,¡Þ,¡Þ,¡Þ,¡Þ,¡Þ,¡Þ,¡Þ,¡Þ,¡Þ,¡Þ,¡Þ,¡Þ,¡Þ,¡Þ,¡Þ,¡Þ,¡Þ,¡Þ,¡Þ,¡Þ,¡Þ,¡Þ,¡Þ,¡Þ,¡Þ,¡Þ,¡Þ,¡Þ,¡Þ,¡Þ,¡Þ,¡Þ,¡Þ,
¡Þ,¡Þ,¡Þ,¡Þ,¡Þ,¡Þ,¡Þ,¡Þ,¡Þ,¡Þ,¡Þ,¡Þ,¡Þ,¡Þ,¡Þ,¡Þ,¡Þ,¡Þ,¡Þ,¡Þ,¡Þ,¡Þ,¡Þ,¡Þ,¡Þ,¡Þ,¡Þ,¡Þ,¡Þ,¡Þ,¡Þ,¡Þ,¡Þ,¡Þ,¡Þ,¡Þ,¡Þ,¡Þ,¡Þ,¡Þ,¡Þ,¡Þ,¡Þ,¡Þ,¡Þ,696,¡Þ,¡Þ,¡Þ,¡Þ,¡Þ,¡Þ,¡Þ,¡Þ,¡Þ,¡Þ,¡Þ,¡Þ,¡Þ,¡Þ,¡Þ,988,¡Þ,¡Þ,¡Þ,¡Þ,¡Þ,¡Þ,¡Þ,¡Þ,¡Þ,¡Þ,¡Þ,¡Þ,¡Þ,¡Þ,¡Þ,¡Þ,¡Þ,¡Þ,¡Þ,¡Þ,¡Þ,¡Þ,¡Þ,¡Þ,¡Þ,¡Þ,¡Þ,¡Þ,¡Þ,¡Þ,¡Þ,¡Þ,¡Þ,¡Þ,¡Þ,¡Þ,¡Þ,¡Þ,¡Þ,¡Þ,¡Þ,¡Þ,¡Þ,¡Þ,¡Þ,¡Þ,¡Þ,¡Þ,¡Þ,¡Þ,¡Þ,¡Þ,¡Þ,¡Þ,¡Þ,¡Þ,¡Þ,¡Þ,¡Þ,¡Þ,¡Þ,¡Þ,¡Þ,¡Þ,¡Þ,¡Þ,¡Þ,¡Þ,¡Þ,¡Þ,¡Þ,¡Þ,¡Þ,¡Þ,¡Þ,¡Þ,¡Þ,¡Þ,¡Þ,¡Þ,¡Þ,¡Þ,¡Þ,¡Þ,¡Þ,¡Þ,¡Þ,¡Þ,¡Þ,¡Þ,¡Þ,¡Þ,¡Þ,¡Þ,¡Þ,¡Þ,¡Þ,¡Þ,¡Þ,¡Þ,¡Þ,¡Þ,¡Þ,¡Þ,¡Þ,
¡Þ,¡Þ,¡Þ,¡Þ,¡Þ,¡Þ,¡Þ,¡Þ,¡Þ,¡Þ,¡Þ,¡Þ,¡Þ,¡Þ,¡Þ,¡Þ,¡Þ,¡Þ,¡Þ,¡Þ,¡Þ,¡Þ,¡Þ,¡Þ,¡Þ,¡Þ,¡Þ,¡Þ,1564,¡Þ,¡Þ,¡Þ,¡Þ,¡Þ,¡Þ,¡Þ,¡Þ,¡Þ,¡Þ,¡Þ,¡Þ,¡Þ,733,¡Þ,¡Þ,¡Þ,¡Þ,¡Þ,¡Þ,¡Þ,¡Þ,¡Þ,¡Þ,¡Þ,¡Þ,¡Þ,¡Þ,¡Þ,¡Þ,¡Þ,¡Þ,¡Þ,¡Þ,¡Þ,¡Þ,¡Þ,¡Þ,¡Þ,¡Þ,¡Þ,¡Þ,¡Þ,¡Þ,¡Þ,¡Þ,¡Þ,¡Þ,¡Þ,¡Þ,¡Þ,¡Þ,¡Þ,¡Þ,¡Þ,¡Þ,¡Þ,¡Þ,¡Þ,¡Þ,¡Þ,¡Þ,¡Þ,¡Þ,¡Þ,¡Þ,¡Þ,¡Þ,¡Þ,¡Þ,¡Þ,¡Þ,¡Þ,¡Þ,¡Þ,¡Þ,¡Þ,¡Þ,¡Þ,¡Þ,¡Þ,¡Þ,¡Þ,¡Þ,¡Þ,¡Þ,¡Þ,¡Þ,¡Þ,¡Þ,¡Þ,¡Þ,¡Þ,¡Þ,¡Þ,¡Þ,¡Þ,¡Þ,¡Þ,¡Þ,¡Þ,¡Þ,¡Þ,¡Þ,¡Þ,¡Þ,¡Þ,¡Þ,¡Þ,¡Þ,¡Þ,¡Þ,¡Þ,¡Þ,¡Þ,¡Þ,¡Þ,¡Þ,¡Þ,¡Þ,¡Þ,¡Þ,¡Þ,¡Þ,¡Þ,¡Þ,¡Þ,¡Þ,¡Þ,¡Þ,¡Þ,¡Þ,¡Þ,¡Þ,¡Þ,¡Þ,¡Þ,¡Þ,
¡Þ,¡Þ,¡Þ,¡Þ,¡Þ,¡Þ,¡Þ,¡Þ,¡Þ,¡Þ,¡Þ,¡Þ,¡Þ,¡Þ,¡Þ,¡Þ,¡Þ,¡Þ,¡Þ,¡Þ,¡Þ,¡Þ,¡Þ,¡Þ,¡Þ,¡Þ,¡Þ,¡Þ,¡Þ,¡Þ,¡Þ,¡Þ,¡Þ,¡Þ,¡Þ,¡Þ,¡Þ,¡Þ,¡Þ,¡Þ,¡Þ,¡Þ,¡Þ,¡Þ,¡Þ,¡Þ,¡Þ,¡Þ,¡Þ,¡Þ,¡Þ,¡Þ,¡Þ,¡Þ,¡Þ,¡Þ,¡Þ,¡Þ,¡Þ,¡Þ,¡Þ,¡Þ,¡Þ,¡Þ,¡Þ,¡Þ,¡Þ,¡Þ,¡Þ,¡Þ,¡Þ,¡Þ,¡Þ,¡Þ,¡Þ,¡Þ,¡Þ,¡Þ,¡Þ,¡Þ,¡Þ,¡Þ,¡Þ,¡Þ,¡Þ,¡Þ,¡Þ,¡Þ,¡Þ,¡Þ,¡Þ,¡Þ,¡Þ,¡Þ,¡Þ,¡Þ,¡Þ,¡Þ,¡Þ,¡Þ,¡Þ,¡Þ,¡Þ,¡Þ,¡Þ,¡Þ,¡Þ,¡Þ,¡Þ,¡Þ,¡Þ,¡Þ,¡Þ,¡Þ,¡Þ,¡Þ,¡Þ,¡Þ,¡Þ,¡Þ,¡Þ,¡Þ,¡Þ,¡Þ,¡Þ,¡Þ,¡Þ,¡Þ,¡Þ,¡Þ,¡Þ,¡Þ,¡Þ,¡Þ,¡Þ,¡Þ,¡Þ,¡Þ,¡Þ,¡Þ,¡Þ,¡Þ,¡Þ,¡Þ,¡Þ,¡Þ,¡Þ,¡Þ,¡Þ,¡Þ,¡Þ,682,¡Þ,¡Þ,¡Þ,¡Þ,¡Þ,¡Þ,¡Þ,¡Þ,¡Þ,¡Þ,¡Þ,¡Þ,¡Þ,¡Þ,¡Þ,
¡Þ,¡Þ,¡Þ,¡Þ,¡Þ,¡Þ,1038,¡Þ,¡Þ,¡Þ,¡Þ,¡Þ,¡Þ,¡Þ,¡Þ,¡Þ,¡Þ,¡Þ,¡Þ,¡Þ,¡Þ,¡Þ,¡Þ,¡Þ,¡Þ,¡Þ,¡Þ,¡Þ,¡Þ,¡Þ,¡Þ,¡Þ,¡Þ,¡Þ,¡Þ,¡Þ,¡Þ,¡Þ,¡Þ,¡Þ,¡Þ,¡Þ,¡Þ,¡Þ,¡Þ,¡Þ,¡Þ,¡Þ,¡Þ,¡Þ,¡Þ,¡Þ,¡Þ,¡Þ,¡Þ,¡Þ,¡Þ,¡Þ,¡Þ,¡Þ,¡Þ,¡Þ,¡Þ,¡Þ,¡Þ,¡Þ,¡Þ,¡Þ,¡Þ,¡Þ,¡Þ,¡Þ,¡Þ,¡Þ,¡Þ,¡Þ,¡Þ,¡Þ,¡Þ,¡Þ,¡Þ,¡Þ,¡Þ,¡Þ,¡Þ,¡Þ,¡Þ,¡Þ,¡Þ,¡Þ,¡Þ,¡Þ,¡Þ,2333,¡Þ,¡Þ,¡Þ,¡Þ,¡Þ,¡Þ,¡Þ,¡Þ,¡Þ,¡Þ,¡Þ,¡Þ,¡Þ,¡Þ,¡Þ,¡Þ,¡Þ,¡Þ,¡Þ,¡Þ,¡Þ,¡Þ,¡Þ,¡Þ,¡Þ,¡Þ,¡Þ,¡Þ,¡Þ,¡Þ,¡Þ,¡Þ,¡Þ,¡Þ,¡Þ,¡Þ,¡Þ,¡Þ,¡Þ,¡Þ,¡Þ,¡Þ,¡Þ,¡Þ,¡Þ,¡Þ,¡Þ,¡Þ,¡Þ,¡Þ,¡Þ,¡Þ,¡Þ,¡Þ,¡Þ,¡Þ,¡Þ,¡Þ,¡Þ,¡Þ,¡Þ,¡Þ,¡Þ,¡Þ,¡Þ,¡Þ,¡Þ,¡Þ,¡Þ,¡Þ,¡Þ,¡Þ,¡Þ,
¡Þ,¡Þ,¡Þ,¡Þ,¡Þ,¡Þ,¡Þ,¡Þ,¡Þ,¡Þ,¡Þ,¡Þ,¡Þ,¡Þ,¡Þ,¡Þ,746,¡Þ,¡Þ,¡Þ,¡Þ,¡Þ,¡Þ,¡Þ,1321,¡Þ,¡Þ,¡Þ,¡Þ,¡Þ,¡Þ,¡Þ,¡Þ,¡Þ,¡Þ,¡Þ,¡Þ,¡Þ,¡Þ,¡Þ,¡Þ,¡Þ,¡Þ,¡Þ,¡Þ,¡Þ,¡Þ,¡Þ,¡Þ,¡Þ,¡Þ,¡Þ,¡Þ,¡Þ,¡Þ,¡Þ,¡Þ,¡Þ,¡Þ,¡Þ,¡Þ,¡Þ,¡Þ,¡Þ,¡Þ,¡Þ,¡Þ,¡Þ,¡Þ,¡Þ,¡Þ,¡Þ,¡Þ,¡Þ,¡Þ,¡Þ,¡Þ,¡Þ,¡Þ,¡Þ,¡Þ,937,¡Þ,¡Þ,¡Þ,¡Þ,¡Þ,¡Þ,¡Þ,¡Þ,¡Þ,¡Þ,¡Þ,¡Þ,¡Þ,¡Þ,¡Þ,¡Þ,¡Þ,¡Þ,¡Þ,¡Þ,¡Þ,¡Þ,¡Þ,¡Þ,¡Þ,¡Þ,¡Þ,¡Þ,¡Þ,¡Þ,¡Þ,¡Þ,¡Þ,¡Þ,¡Þ,¡Þ,¡Þ,¡Þ,¡Þ,¡Þ,¡Þ,¡Þ,¡Þ,¡Þ,¡Þ,¡Þ,¡Þ,¡Þ,¡Þ,¡Þ,¡Þ,¡Þ,¡Þ,¡Þ,¡Þ,¡Þ,¡Þ,¡Þ,¡Þ,¡Þ,2024,¡Þ,¡Þ,¡Þ,¡Þ,¡Þ,¡Þ,¡Þ,¡Þ,¡Þ,¡Þ,¡Þ,¡Þ,¡Þ,¡Þ,¡Þ,¡Þ,¡Þ,¡Þ,¡Þ,¡Þ,¡Þ,¡Þ,¡Þ,¡Þ,
¡Þ,¡Þ,¡Þ,¡Þ,¡Þ,¡Þ,¡Þ,¡Þ,¡Þ,¡Þ,¡Þ,¡Þ,¡Þ,¡Þ,¡Þ,¡Þ,¡Þ,¡Þ,¡Þ,¡Þ,¡Þ,¡Þ,¡Þ,¡Þ,¡Þ,¡Þ,¡Þ,¡Þ,¡Þ,¡Þ,¡Þ,¡Þ,¡Þ,¡Þ,¡Þ,¡Þ,¡Þ,¡Þ,¡Þ,¡Þ,¡Þ,¡Þ,¡Þ,¡Þ,¡Þ,¡Þ,¡Þ,¡Þ,¡Þ,¡Þ,¡Þ,¡Þ,¡Þ,¡Þ,¡Þ,¡Þ,¡Þ,¡Þ,¡Þ,¡Þ,¡Þ,¡Þ,¡Þ,¡Þ,¡Þ,¡Þ,¡Þ,¡Þ,¡Þ,¡Þ,¡Þ,¡Þ,¡Þ,¡Þ,¡Þ,¡Þ,¡Þ,¡Þ,¡Þ,¡Þ,¡Þ,¡Þ,¡Þ,¡Þ,¡Þ,¡Þ,¡Þ,¡Þ,¡Þ,¡Þ,¡Þ,¡Þ,¡Þ,¡Þ,¡Þ,¡Þ,¡Þ,¡Þ,¡Þ,¡Þ,¡Þ,¡Þ,¡Þ,¡Þ,¡Þ,¡Þ,¡Þ,¡Þ,¡Þ,¡Þ,¡Þ,¡Þ,¡Þ,¡Þ,¡Þ,¡Þ,¡Þ,¡Þ,¡Þ,¡Þ,¡Þ,¡Þ,¡Þ,¡Þ,¡Þ,¡Þ,¡Þ,¡Þ,¡Þ,¡Þ,¡Þ,¡Þ,¡Þ,¡Þ,¡Þ,¡Þ,¡Þ,¡Þ,¡Þ,¡Þ,¡Þ,2024,¡Þ,¡Þ,¡Þ,¡Þ,¡Þ,¡Þ,¡Þ,¡Þ,¡Þ,¡Þ,¡Þ,¡Þ,¡Þ,¡Þ,¡Þ,¡Þ,¡Þ,¡Þ,¡Þ,¡Þ,¡Þ,¡Þ,¡Þ,¡Þ,¡Þ,
¡Þ,¡Þ,¡Þ,¡Þ,¡Þ,¡Þ,¡Þ,¡Þ,¡Þ,¡Þ,¡Þ,¡Þ,¡Þ,¡Þ,¡Þ,¡Þ,¡Þ,¡Þ,¡Þ,¡Þ,¡Þ,¡Þ,¡Þ,¡Þ,¡Þ,¡Þ,¡Þ,¡Þ,¡Þ,¡Þ,¡Þ,¡Þ,¡Þ,¡Þ,¡Þ,¡Þ,¡Þ,¡Þ,¡Þ,3282,¡Þ,¡Þ,¡Þ,¡Þ,¡Þ,¡Þ,¡Þ,¡Þ,¡Þ,¡Þ,¡Þ,¡Þ,¡Þ,¡Þ,¡Þ,¡Þ,¡Þ,¡Þ,¡Þ,¡Þ,¡Þ,¡Þ,¡Þ,¡Þ,¡Þ,¡Þ,¡Þ,¡Þ,¡Þ,¡Þ,¡Þ,¡Þ,¡Þ,¡Þ,¡Þ,¡Þ,¡Þ,¡Þ,¡Þ,¡Þ,¡Þ,¡Þ,¡Þ,¡Þ,¡Þ,¡Þ,¡Þ,¡Þ,¡Þ,¡Þ,¡Þ,¡Þ,¡Þ,¡Þ,¡Þ,¡Þ,¡Þ,¡Þ,¡Þ,1107,¡Þ,¡Þ,¡Þ,¡Þ,¡Þ,¡Þ,¡Þ,¡Þ,¡Þ,¡Þ,¡Þ,¡Þ,¡Þ,¡Þ,¡Þ,¡Þ,¡Þ,¡Þ,¡Þ,¡Þ,¡Þ,¡Þ,¡Þ,¡Þ,¡Þ,¡Þ,¡Þ,¡Þ,¡Þ,¡Þ,¡Þ,¡Þ,¡Þ,¡Þ,¡Þ,¡Þ,¡Þ,¡Þ,¡Þ,¡Þ,¡Þ,¡Þ,¡Þ,¡Þ,¡Þ,¡Þ,¡Þ,¡Þ,¡Þ,¡Þ,¡Þ,¡Þ,¡Þ,¡Þ,¡Þ,¡Þ,¡Þ,¡Þ,¡Þ,¡Þ,¡Þ,¡Þ,¡Þ,¡Þ,¡Þ,¡Þ,¡Þ,
¡Þ,¡Þ,¡Þ,¡Þ,¡Þ,¡Þ,¡Þ,¡Þ,¡Þ,¡Þ,¡Þ,¡Þ,¡Þ,¡Þ,¡Þ,¡Þ,¡Þ,¡Þ,¡Þ,¡Þ,¡Þ,¡Þ,¡Þ,¡Þ,¡Þ,¡Þ,¡Þ,¡Þ,¡Þ,¡Þ,¡Þ,¡Þ,¡Þ,¡Þ,¡Þ,¡Þ,¡Þ,¡Þ,¡Þ,¡Þ,¡Þ,¡Þ,¡Þ,¡Þ,¡Þ,¡Þ,¡Þ,¡Þ,¡Þ,¡Þ,¡Þ,¡Þ,¡Þ,¡Þ,¡Þ,¡Þ,¡Þ,¡Þ,¡Þ,¡Þ,¡Þ,¡Þ,¡Þ,¡Þ,¡Þ,¡Þ,¡Þ,¡Þ,¡Þ,¡Þ,¡Þ,¡Þ,¡Þ,¡Þ,¡Þ,¡Þ,¡Þ,¡Þ,¡Þ,¡Þ,¡Þ,¡Þ,¡Þ,¡Þ,¡Þ,¡Þ,¡Þ,¡Þ,¡Þ,¡Þ,1235,829,¡Þ,¡Þ,¡Þ,¡Þ,¡Þ,¡Þ,¡Þ,¡Þ,¡Þ,¡Þ,¡Þ,¡Þ,¡Þ,¡Þ,¡Þ,¡Þ,¡Þ,¡Þ,¡Þ,¡Þ,¡Þ,¡Þ,¡Þ,¡Þ,¡Þ,¡Þ,¡Þ,¡Þ,¡Þ,¡Þ,¡Þ,¡Þ,¡Þ,¡Þ,¡Þ,¡Þ,¡Þ,¡Þ,¡Þ,¡Þ,¡Þ,¡Þ,¡Þ,¡Þ,¡Þ,¡Þ,¡Þ,¡Þ,¡Þ,¡Þ,¡Þ,¡Þ,¡Þ,¡Þ,¡Þ,¡Þ,¡Þ,¡Þ,¡Þ,¡Þ,¡Þ,¡Þ,¡Þ,¡Þ,¡Þ,¡Þ,¡Þ,¡Þ,¡Þ,¡Þ,¡Þ,¡Þ,¡Þ,¡Þ,¡Þ,
¡Þ,¡Þ,¡Þ,¡Þ,¡Þ,¡Þ,¡Þ,¡Þ,¡Þ,¡Þ,¡Þ,¡Þ,¡Þ,¡Þ,¡Þ,¡Þ,¡Þ,1166,¡Þ,¡Þ,¡Þ,¡Þ,¡Þ,¡Þ,¡Þ,¡Þ,¡Þ,¡Þ,¡Þ,¡Þ,¡Þ,¡Þ,¡Þ,¡Þ,¡Þ,¡Þ,¡Þ,¡Þ,¡Þ,¡Þ,¡Þ,¡Þ,¡Þ,¡Þ,¡Þ,¡Þ,¡Þ,¡Þ,¡Þ,¡Þ,¡Þ,¡Þ,¡Þ,¡Þ,¡Þ,¡Þ,¡Þ,¡Þ,¡Þ,¡Þ,¡Þ,¡Þ,¡Þ,¡Þ,¡Þ,¡Þ,¡Þ,¡Þ,¡Þ,¡Þ,¡Þ,¡Þ,¡Þ,¡Þ,¡Þ,¡Þ,¡Þ,¡Þ,¡Þ,¡Þ,¡Þ,¡Þ,¡Þ,¡Þ,¡Þ,¡Þ,¡Þ,¡Þ,¡Þ,¡Þ,¡Þ,¡Þ,¡Þ,¡Þ,¡Þ,¡Þ,¡Þ,¡Þ,¡Þ,¡Þ,¡Þ,¡Þ,¡Þ,¡Þ,¡Þ,¡Þ,¡Þ,¡Þ,¡Þ,¡Þ,¡Þ,¡Þ,¡Þ,¡Þ,¡Þ,¡Þ,¡Þ,¡Þ,¡Þ,¡Þ,¡Þ,3453,¡Þ,¡Þ,¡Þ,¡Þ,¡Þ,¡Þ,¡Þ,¡Þ,¡Þ,¡Þ,¡Þ,¡Þ,¡Þ,¡Þ,¡Þ,¡Þ,¡Þ,¡Þ,¡Þ,¡Þ,¡Þ,¡Þ,¡Þ,¡Þ,¡Þ,¡Þ,¡Þ,¡Þ,¡Þ,¡Þ,¡Þ,¡Þ,¡Þ,¡Þ,¡Þ,¡Þ,¡Þ,¡Þ,¡Þ,¡Þ,¡Þ,¡Þ,¡Þ,¡Þ,¡Þ,
¡Þ,¡Þ,¡Þ,¡Þ,¡Þ,¡Þ,¡Þ,¡Þ,¡Þ,¡Þ,¡Þ,¡Þ,¡Þ,¡Þ,¡Þ,¡Þ,¡Þ,¡Þ,¡Þ,¡Þ,¡Þ,¡Þ,¡Þ,¡Þ,¡Þ,¡Þ,¡Þ,¡Þ,¡Þ,¡Þ,¡Þ,¡Þ,¡Þ,¡Þ,¡Þ,¡Þ,¡Þ,¡Þ,¡Þ,¡Þ,¡Þ,¡Þ,¡Þ,¡Þ,¡Þ,¡Þ,¡Þ,¡Þ,¡Þ,¡Þ,¡Þ,¡Þ,¡Þ,¡Þ,¡Þ,¡Þ,¡Þ,¡Þ,¡Þ,¡Þ,¡Þ,¡Þ,¡Þ,¡Þ,¡Þ,¡Þ,¡Þ,¡Þ,¡Þ,¡Þ,¡Þ,¡Þ,¡Þ,¡Þ,¡Þ,¡Þ,¡Þ,¡Þ,¡Þ,¡Þ,¡Þ,¡Þ,¡Þ,¡Þ,¡Þ,¡Þ,¡Þ,¡Þ,¡Þ,¡Þ,¡Þ,¡Þ,¡Þ,¡Þ,¡Þ,¡Þ,¡Þ,¡Þ,¡Þ,¡Þ,¡Þ,¡Þ,¡Þ,¡Þ,¡Þ,¡Þ,¡Þ,¡Þ,¡Þ,¡Þ,¡Þ,¡Þ,1060,¡Þ,¡Þ,¡Þ,¡Þ,¡Þ,¡Þ,¡Þ,¡Þ,¡Þ,¡Þ,¡Þ,¡Þ,¡Þ,¡Þ,¡Þ,¡Þ,¡Þ,¡Þ,¡Þ,¡Þ,¡Þ,¡Þ,¡Þ,¡Þ,¡Þ,¡Þ,¡Þ,¡Þ,¡Þ,¡Þ,¡Þ,¡Þ,¡Þ,¡Þ,¡Þ,¡Þ,¡Þ,¡Þ,¡Þ,¡Þ,¡Þ,¡Þ,¡Þ,¡Þ,¡Þ,¡Þ,¡Þ,¡Þ,¡Þ,¡Þ,869,¡Þ,¡Þ,¡Þ,
¡Þ,¡Þ,¡Þ,¡Þ,¡Þ,¡Þ,¡Þ,¡Þ,¡Þ,¡Þ,¡Þ,¡Þ,¡Þ,¡Þ,¡Þ,¡Þ,¡Þ,1912,¡Þ,¡Þ,¡Þ,¡Þ,¡Þ,¡Þ,¡Þ,¡Þ,¡Þ,¡Þ,¡Þ,¡Þ,¡Þ,¡Þ,¡Þ,¡Þ,¡Þ,¡Þ,¡Þ,¡Þ,¡Þ,¡Þ,¡Þ,¡Þ,¡Þ,¡Þ,¡Þ,¡Þ,¡Þ,¡Þ,¡Þ,¡Þ,¡Þ,¡Þ,¡Þ,¡Þ,¡Þ,¡Þ,¡Þ,¡Þ,¡Þ,¡Þ,¡Þ,¡Þ,¡Þ,¡Þ,¡Þ,¡Þ,¡Þ,¡Þ,¡Þ,¡Þ,¡Þ,1221,¡Þ,¡Þ,¡Þ,¡Þ,¡Þ,¡Þ,¡Þ,¡Þ,¡Þ,¡Þ,¡Þ,¡Þ,¡Þ,¡Þ,¡Þ,¡Þ,¡Þ,¡Þ,¡Þ,¡Þ,¡Þ,¡Þ,¡Þ,¡Þ,¡Þ,¡Þ,¡Þ,¡Þ,¡Þ,¡Þ,¡Þ,¡Þ,¡Þ,¡Þ,¡Þ,¡Þ,¡Þ,¡Þ,¡Þ,¡Þ,¡Þ,¡Þ,¡Þ,¡Þ,¡Þ,¡Þ,¡Þ,¡Þ,¡Þ,¡Þ,¡Þ,¡Þ,¡Þ,¡Þ,¡Þ,¡Þ,¡Þ,¡Þ,¡Þ,¡Þ,¡Þ,¡Þ,¡Þ,¡Þ,¡Þ,¡Þ,¡Þ,¡Þ,¡Þ,¡Þ,¡Þ,¡Þ,¡Þ,¡Þ,¡Þ,¡Þ,¡Þ,¡Þ,¡Þ,¡Þ,¡Þ,¡Þ,¡Þ,¡Þ,¡Þ,¡Þ,¡Þ,¡Þ,¡Þ,¡Þ,¡Þ,¡Þ,¡Þ,¡Þ,¡Þ,
¡Þ,¡Þ,¡Þ,¡Þ,¡Þ,¡Þ,¡Þ,¡Þ,¡Þ,¡Þ,¡Þ,¡Þ,¡Þ,¡Þ,¡Þ,¡Þ,¡Þ,¡Þ,¡Þ,¡Þ,¡Þ,¡Þ,¡Þ,¡Þ,¡Þ,¡Þ,¡Þ,¡Þ,¡Þ,¡Þ,¡Þ,¡Þ,¡Þ,¡Þ,¡Þ,¡Þ,¡Þ,¡Þ,¡Þ,¡Þ,¡Þ,¡Þ,¡Þ,¡Þ,¡Þ,¡Þ,¡Þ,¡Þ,¡Þ,¡Þ,¡Þ,¡Þ,¡Þ,¡Þ,¡Þ,¡Þ,¡Þ,¡Þ,¡Þ,¡Þ,¡Þ,¡Þ,¡Þ,¡Þ,¡Þ,¡Þ,¡Þ,¡Þ,¡Þ,¡Þ,¡Þ,1074,¡Þ,¡Þ,¡Þ,¡Þ,¡Þ,¡Þ,¡Þ,¡Þ,¡Þ,¡Þ,¡Þ,¡Þ,¡Þ,¡Þ,¡Þ,¡Þ,¡Þ,¡Þ,¡Þ,¡Þ,¡Þ,¡Þ,¡Þ,¡Þ,¡Þ,¡Þ,¡Þ,¡Þ,¡Þ,¡Þ,¡Þ,¡Þ,¡Þ,¡Þ,¡Þ,¡Þ,¡Þ,¡Þ,¡Þ,¡Þ,¡Þ,¡Þ,¡Þ,¡Þ,¡Þ,¡Þ,¡Þ,¡Þ,¡Þ,¡Þ,¡Þ,¡Þ,¡Þ,¡Þ,¡Þ,¡Þ,¡Þ,¡Þ,¡Þ,¡Þ,¡Þ,¡Þ,¡Þ,¡Þ,¡Þ,¡Þ,¡Þ,¡Þ,¡Þ,¡Þ,¡Þ,¡Þ,¡Þ,¡Þ,¡Þ,¡Þ,¡Þ,986,¡Þ,¡Þ,¡Þ,¡Þ,¡Þ,¡Þ,¡Þ,¡Þ,¡Þ,¡Þ,¡Þ,¡Þ,¡Þ,¡Þ,¡Þ,¡Þ,¡Þ,
¡Þ,¡Þ,¡Þ,¡Þ,¡Þ,¡Þ,¡Þ,¡Þ,¡Þ,¡Þ,¡Þ,¡Þ,¡Þ,¡Þ,¡Þ,¡Þ,¡Þ,¡Þ,¡Þ,¡Þ,¡Þ,¡Þ,¡Þ,¡Þ,¡Þ,¡Þ,¡Þ,¡Þ,¡Þ,¡Þ,¡Þ,¡Þ,¡Þ,¡Þ,¡Þ,¡Þ,¡Þ,¡Þ,¡Þ,¡Þ,¡Þ,¡Þ,¡Þ,¡Þ,¡Þ,¡Þ,¡Þ,¡Þ,¡Þ,¡Þ,¡Þ,¡Þ,¡Þ,¡Þ,¡Þ,¡Þ,¡Þ,¡Þ,¡Þ,¡Þ,¡Þ,¡Þ,¡Þ,¡Þ,¡Þ,¡Þ,¡Þ,¡Þ,¡Þ,¡Þ,¡Þ,¡Þ,¡Þ,¡Þ,¡Þ,¡Þ,¡Þ,¡Þ,¡Þ,¡Þ,¡Þ,¡Þ,¡Þ,¡Þ,¡Þ,¡Þ,¡Þ,¡Þ,¡Þ,¡Þ,¡Þ,¡Þ,¡Þ,¡Þ,¡Þ,¡Þ,¡Þ,¡Þ,¡Þ,¡Þ,¡Þ,¡Þ,¡Þ,1035,¡Þ,¡Þ,¡Þ,¡Þ,¡Þ,¡Þ,¡Þ,¡Þ,¡Þ,¡Þ,¡Þ,¡Þ,¡Þ,¡Þ,¡Þ,¡Þ,¡Þ,¡Þ,¡Þ,¡Þ,¡Þ,¡Þ,¡Þ,¡Þ,¡Þ,¡Þ,¡Þ,¡Þ,¡Þ,¡Þ,¡Þ,¡Þ,¡Þ,¡Þ,¡Þ,¡Þ,¡Þ,¡Þ,¡Þ,¡Þ,¡Þ,¡Þ,¡Þ,¡Þ,986,¡Þ,¡Þ,¡Þ,¡Þ,¡Þ,¡Þ,¡Þ,¡Þ,¡Þ,¡Þ,¡Þ,¡Þ,¡Þ,¡Þ,¡Þ,¡Þ,¡Þ,¡Þ,
¡Þ,¡Þ,¡Þ,¡Þ,¡Þ,¡Þ,¡Þ,¡Þ,¡Þ,¡Þ,¡Þ,¡Þ,¡Þ,¡Þ,¡Þ,¡Þ,¡Þ,1405,¡Þ,¡Þ,¡Þ,¡Þ,¡Þ,¡Þ,¡Þ,¡Þ,¡Þ,¡Þ,¡Þ,¡Þ,¡Þ,¡Þ,¡Þ,¡Þ,¡Þ,¡Þ,¡Þ,¡Þ,1775,¡Þ,¡Þ,¡Þ,¡Þ,¡Þ,¡Þ,¡Þ,¡Þ,¡Þ,¡Þ,¡Þ,¡Þ,¡Þ,¡Þ,¡Þ,¡Þ,¡Þ,¡Þ,¡Þ,¡Þ,¡Þ,¡Þ,¡Þ,¡Þ,¡Þ,¡Þ,¡Þ,¡Þ,¡Þ,¡Þ,¡Þ,¡Þ,¡Þ,¡Þ,¡Þ,¡Þ,¡Þ,¡Þ,¡Þ,¡Þ,¡Þ,¡Þ,¡Þ,¡Þ,¡Þ,¡Þ,¡Þ,¡Þ,¡Þ,¡Þ,¡Þ,¡Þ,¡Þ,¡Þ,¡Þ,¡Þ,¡Þ,¡Þ,¡Þ,¡Þ,¡Þ,¡Þ,¡Þ,¡Þ,¡Þ,¡Þ,¡Þ,¡Þ,¡Þ,¡Þ,¡Þ,¡Þ,¡Þ,¡Þ,¡Þ,¡Þ,¡Þ,¡Þ,¡Þ,¡Þ,¡Þ,¡Þ,¡Þ,¡Þ,¡Þ,¡Þ,¡Þ,¡Þ,¡Þ,¡Þ,¡Þ,¡Þ,¡Þ,¡Þ,¡Þ,¡Þ,¡Þ,¡Þ,¡Þ,¡Þ,¡Þ,¡Þ,¡Þ,¡Þ,¡Þ,¡Þ,¡Þ,¡Þ,¡Þ,¡Þ,¡Þ,¡Þ,¡Þ,¡Þ,¡Þ,¡Þ,¡Þ,¡Þ,¡Þ,¡Þ,¡Þ,¡Þ,¡Þ,¡Þ,¡Þ,¡Þ,¡Þ,¡Þ,
¡Þ,¡Þ,¡Þ,¡Þ,¡Þ,¡Þ,¡Þ,¡Þ,¡Þ,¡Þ,¡Þ,¡Þ,¡Þ,¡Þ,¡Þ,¡Þ,¡Þ,¡Þ,¡Þ,¡Þ,¡Þ,¡Þ,¡Þ,¡Þ,¡Þ,¡Þ,¡Þ,¡Þ,¡Þ,¡Þ,¡Þ,¡Þ,¡Þ,¡Þ,¡Þ,¡Þ,¡Þ,¡Þ,¡Þ,¡Þ,¡Þ,¡Þ,¡Þ,¡Þ,¡Þ,¡Þ,¡Þ,¡Þ,¡Þ,¡Þ,¡Þ,¡Þ,¡Þ,¡Þ,¡Þ,¡Þ,¡Þ,¡Þ,¡Þ,¡Þ,¡Þ,¡Þ,¡Þ,¡Þ,¡Þ,¡Þ,¡Þ,¡Þ,¡Þ,¡Þ,¡Þ,¡Þ,¡Þ,¡Þ,¡Þ,¡Þ,¡Þ,¡Þ,¡Þ,¡Þ,¡Þ,¡Þ,¡Þ,¡Þ,¡Þ,¡Þ,¡Þ,¡Þ,¡Þ,¡Þ,¡Þ,¡Þ,¡Þ,¡Þ,¡Þ,¡Þ,¡Þ,¡Þ,¡Þ,¡Þ,¡Þ,¡Þ,¡Þ,¡Þ,¡Þ,¡Þ,981,¡Þ,¡Þ,¡Þ,¡Þ,¡Þ,¡Þ,¡Þ,¡Þ,¡Þ,¡Þ,¡Þ,¡Þ,¡Þ,¡Þ,¡Þ,¡Þ,¡Þ,¡Þ,¡Þ,¡Þ,¡Þ,¡Þ,¡Þ,¡Þ,¡Þ,¡Þ,¡Þ,¡Þ,¡Þ,¡Þ,¡Þ,¡Þ,682,¡Þ,¡Þ,¡Þ,¡Þ,¡Þ,¡Þ,¡Þ,¡Þ,¡Þ,¡Þ,¡Þ,¡Þ,¡Þ,¡Þ,¡Þ,¡Þ,¡Þ,¡Þ,¡Þ,¡Þ,¡Þ,¡Þ,¡Þ,¡Þ,¡Þ,¡Þ,¡Þ,
¡Þ,¡Þ,¡Þ,¡Þ,¡Þ,¡Þ,¡Þ,¡Þ,1059,¡Þ,¡Þ,¡Þ,¡Þ,¡Þ,¡Þ,¡Þ,¡Þ,¡Þ,¡Þ,¡Þ,¡Þ,¡Þ,¡Þ,¡Þ,¡Þ,¡Þ,¡Þ,¡Þ,¡Þ,¡Þ,¡Þ,¡Þ,¡Þ,¡Þ,¡Þ,¡Þ,¡Þ,¡Þ,¡Þ,¡Þ,¡Þ,¡Þ,¡Þ,¡Þ,¡Þ,¡Þ,¡Þ,¡Þ,¡Þ,¡Þ,¡Þ,¡Þ,¡Þ,¡Þ,¡Þ,¡Þ,¡Þ,¡Þ,¡Þ,¡Þ,¡Þ,¡Þ,¡Þ,¡Þ,¡Þ,¡Þ,¡Þ,¡Þ,¡Þ,¡Þ,¡Þ,¡Þ,¡Þ,¡Þ,¡Þ,¡Þ,¡Þ,¡Þ,¡Þ,¡Þ,¡Þ,¡Þ,¡Þ,¡Þ,¡Þ,¡Þ,¡Þ,¡Þ,¡Þ,¡Þ,¡Þ,¡Þ,¡Þ,¡Þ,¡Þ,¡Þ,¡Þ,¡Þ,¡Þ,¡Þ,1248,¡Þ,¡Þ,¡Þ,¡Þ,¡Þ,¡Þ,¡Þ,¡Þ,¡Þ,¡Þ,¡Þ,¡Þ,¡Þ,¡Þ,¡Þ,¡Þ,¡Þ,¡Þ,¡Þ,¡Þ,¡Þ,¡Þ,¡Þ,¡Þ,¡Þ,¡Þ,¡Þ,¡Þ,¡Þ,¡Þ,¡Þ,¡Þ,¡Þ,¡Þ,¡Þ,¡Þ,¡Þ,¡Þ,¡Þ,¡Þ,¡Þ,¡Þ,¡Þ,¡Þ,¡Þ,¡Þ,¡Þ,¡Þ,¡Þ,¡Þ,¡Þ,¡Þ,¡Þ,¡Þ,¡Þ,¡Þ,¡Þ,¡Þ,¡Þ,¡Þ,¡Þ,¡Þ,¡Þ,¡Þ,¡Þ,¡Þ,
¡Þ,¡Þ,¡Þ,¡Þ,¡Þ,¡Þ,¡Þ,¡Þ,¡Þ,¡Þ,¡Þ,¡Þ,¡Þ,¡Þ,¡Þ,¡Þ,¡Þ,¡Þ,¡Þ,¡Þ,¡Þ,¡Þ,¡Þ,¡Þ,¡Þ,¡Þ,¡Þ,¡Þ,¡Þ,¡Þ,¡Þ,¡Þ,¡Þ,¡Þ,¡Þ,¡Þ,¡Þ,¡Þ,¡Þ,¡Þ,¡Þ,¡Þ,¡Þ,¡Þ,¡Þ,¡Þ,¡Þ,¡Þ,¡Þ,¡Þ,¡Þ,¡Þ,¡Þ,¡Þ,¡Þ,¡Þ,¡Þ,¡Þ,¡Þ,¡Þ,¡Þ,¡Þ,¡Þ,¡Þ,1253,¡Þ,¡Þ,¡Þ,¡Þ,¡Þ,¡Þ,¡Þ,¡Þ,¡Þ,¡Þ,¡Þ,¡Þ,¡Þ,¡Þ,¡Þ,¡Þ,¡Þ,¡Þ,¡Þ,¡Þ,¡Þ,¡Þ,¡Þ,¡Þ,¡Þ,¡Þ,¡Þ,¡Þ,¡Þ,¡Þ,¡Þ,¡Þ,¡Þ,¡Þ,¡Þ,¡Þ,¡Þ,¡Þ,¡Þ,¡Þ,¡Þ,¡Þ,¡Þ,¡Þ,¡Þ,¡Þ,¡Þ,¡Þ,¡Þ,¡Þ,¡Þ,¡Þ,¡Þ,¡Þ,¡Þ,¡Þ,¡Þ,¡Þ,¡Þ,¡Þ,¡Þ,¡Þ,¡Þ,¡Þ,¡Þ,¡Þ,¡Þ,¡Þ,¡Þ,¡Þ,¡Þ,¡Þ,¡Þ,¡Þ,¡Þ,¡Þ,¡Þ,¡Þ,¡Þ,¡Þ,¡Þ,¡Þ,¡Þ,¡Þ,¡Þ,¡Þ,¡Þ,¡Þ,¡Þ,¡Þ,¡Þ,¡Þ,¡Þ,¡Þ,¡Þ,¡Þ,¡Þ,¡Þ,¡Þ,¡Þ,¡Þ,¡Þ,
¡Þ,¡Þ,¡Þ,¡Þ,¡Þ,¡Þ,¡Þ,¡Þ,¡Þ,¡Þ,¡Þ,¡Þ,¡Þ,¡Þ,¡Þ,¡Þ,¡Þ,¡Þ,¡Þ,¡Þ,¡Þ,¡Þ,¡Þ,¡Þ,¡Þ,¡Þ,¡Þ,¡Þ,¡Þ,¡Þ,¡Þ,¡Þ,¡Þ,¡Þ,¡Þ,¡Þ,¡Þ,¡Þ,¡Þ,¡Þ,¡Þ,¡Þ,¡Þ,¡Þ,¡Þ,¡Þ,¡Þ,¡Þ,¡Þ,¡Þ,¡Þ,¡Þ,1143,¡Þ,¡Þ,¡Þ,¡Þ,¡Þ,¡Þ,¡Þ,¡Þ,¡Þ,¡Þ,¡Þ,¡Þ,¡Þ,¡Þ,¡Þ,¡Þ,¡Þ,¡Þ,¡Þ,¡Þ,¡Þ,¡Þ,¡Þ,¡Þ,¡Þ,¡Þ,¡Þ,¡Þ,2662,¡Þ,¡Þ,¡Þ,¡Þ,¡Þ,¡Þ,¡Þ,¡Þ,¡Þ,¡Þ,¡Þ,¡Þ,¡Þ,¡Þ,¡Þ,¡Þ,¡Þ,¡Þ,¡Þ,¡Þ,¡Þ,¡Þ,¡Þ,¡Þ,¡Þ,¡Þ,¡Þ,¡Þ,¡Þ,¡Þ,¡Þ,¡Þ,¡Þ,¡Þ,¡Þ,¡Þ,¡Þ,¡Þ,¡Þ,¡Þ,¡Þ,¡Þ,¡Þ,¡Þ,¡Þ,¡Þ,¡Þ,¡Þ,¡Þ,¡Þ,¡Þ,¡Þ,¡Þ,¡Þ,¡Þ,¡Þ,¡Þ,¡Þ,¡Þ,¡Þ,¡Þ,¡Þ,¡Þ,¡Þ,¡Þ,¡Þ,¡Þ,¡Þ,¡Þ,¡Þ,¡Þ,¡Þ,¡Þ,¡Þ,¡Þ,¡Þ,¡Þ,¡Þ,¡Þ,¡Þ,¡Þ,¡Þ,¡Þ,¡Þ,¡Þ,
¡Þ,¡Þ,¡Þ,¡Þ,¡Þ,¡Þ,¡Þ,¡Þ,¡Þ,¡Þ,¡Þ,¡Þ,¡Þ,¡Þ,¡Þ,¡Þ,¡Þ,¡Þ,¡Þ,¡Þ,¡Þ,¡Þ,1634,¡Þ,¡Þ,¡Þ,¡Þ,¡Þ,¡Þ,¡Þ,¡Þ,¡Þ,¡Þ,¡Þ,¡Þ,¡Þ,¡Þ,¡Þ,¡Þ,¡Þ,¡Þ,¡Þ,¡Þ,¡Þ,¡Þ,¡Þ,¡Þ,¡Þ,¡Þ,¡Þ,¡Þ,¡Þ,¡Þ,¡Þ,¡Þ,¡Þ,¡Þ,790,¡Þ,¡Þ,¡Þ,¡Þ,¡Þ,¡Þ,¡Þ,¡Þ,¡Þ,¡Þ,¡Þ,¡Þ,¡Þ,¡Þ,¡Þ,¡Þ,¡Þ,¡Þ,¡Þ,¡Þ,¡Þ,¡Þ,¡Þ,¡Þ,¡Þ,¡Þ,¡Þ,¡Þ,¡Þ,¡Þ,¡Þ,¡Þ,¡Þ,¡Þ,¡Þ,¡Þ,¡Þ,¡Þ,¡Þ,¡Þ,¡Þ,¡Þ,¡Þ,¡Þ,¡Þ,¡Þ,¡Þ,¡Þ,¡Þ,¡Þ,¡Þ,¡Þ,¡Þ,¡Þ,¡Þ,¡Þ,¡Þ,¡Þ,¡Þ,¡Þ,¡Þ,¡Þ,¡Þ,¡Þ,¡Þ,¡Þ,¡Þ,¡Þ,¡Þ,¡Þ,¡Þ,¡Þ,¡Þ,¡Þ,¡Þ,¡Þ,¡Þ,¡Þ,¡Þ,¡Þ,¡Þ,¡Þ,¡Þ,¡Þ,¡Þ,¡Þ,¡Þ,¡Þ,¡Þ,¡Þ,¡Þ,¡Þ,¡Þ,¡Þ,¡Þ,¡Þ,¡Þ,¡Þ,¡Þ,¡Þ,¡Þ,¡Þ,¡Þ,¡Þ,¡Þ,¡Þ,¡Þ,¡Þ,¡Þ,
¡Þ,¡Þ,¡Þ,¡Þ,¡Þ,¡Þ,954,¡Þ,¡Þ,¡Þ,¡Þ,¡Þ,¡Þ,¡Þ,¡Þ,¡Þ,¡Þ,¡Þ,¡Þ,¡Þ,¡Þ,¡Þ,¡Þ,¡Þ,¡Þ,¡Þ,¡Þ,¡Þ,¡Þ,¡Þ,¡Þ,¡Þ,¡Þ,¡Þ,¡Þ,¡Þ,¡Þ,¡Þ,¡Þ,¡Þ,¡Þ,¡Þ,¡Þ,¡Þ,¡Þ,¡Þ,¡Þ,¡Þ,¡Þ,¡Þ,¡Þ,¡Þ,¡Þ,¡Þ,¡Þ,¡Þ,¡Þ,¡Þ,¡Þ,¡Þ,¡Þ,¡Þ,¡Þ,¡Þ,¡Þ,¡Þ,¡Þ,¡Þ,¡Þ,¡Þ,¡Þ,¡Þ,¡Þ,¡Þ,¡Þ,¡Þ,¡Þ,¡Þ,¡Þ,¡Þ,¡Þ,¡Þ,¡Þ,¡Þ,¡Þ,¡Þ,¡Þ,¡Þ,¡Þ,¡Þ,¡Þ,¡Þ,¡Þ,¡Þ,¡Þ,¡Þ,¡Þ,¡Þ,¡Þ,¡Þ,¡Þ,¡Þ,¡Þ,¡Þ,¡Þ,¡Þ,¡Þ,¡Þ,¡Þ,¡Þ,¡Þ,¡Þ,2672,¡Þ,¡Þ,¡Þ,¡Þ,¡Þ,¡Þ,¡Þ,¡Þ,¡Þ,¡Þ,¡Þ,¡Þ,¡Þ,¡Þ,¡Þ,¡Þ,¡Þ,¡Þ,¡Þ,¡Þ,¡Þ,¡Þ,¡Þ,¡Þ,¡Þ,¡Þ,¡Þ,¡Þ,¡Þ,¡Þ,¡Þ,¡Þ,¡Þ,¡Þ,¡Þ,¡Þ,¡Þ,¡Þ,¡Þ,¡Þ,¡Þ,¡Þ,¡Þ,¡Þ,¡Þ,¡Þ,¡Þ,¡Þ,¡Þ,¡Þ,¡Þ,¡Þ,¡Þ,¡Þ,
¡Þ,¡Þ,¡Þ,¡Þ,¡Þ,¡Þ,¡Þ,¡Þ,¡Þ,¡Þ,¡Þ,¡Þ,¡Þ,¡Þ,¡Þ,¡Þ,¡Þ,¡Þ,¡Þ,¡Þ,¡Þ,¡Þ,¡Þ,¡Þ,¡Þ,¡Þ,¡Þ,¡Þ,¡Þ,¡Þ,¡Þ,¡Þ,¡Þ,¡Þ,¡Þ,¡Þ,¡Þ,¡Þ,¡Þ,¡Þ,¡Þ,¡Þ,¡Þ,¡Þ,¡Þ,¡Þ,¡Þ,¡Þ,¡Þ,¡Þ,¡Þ,¡Þ,¡Þ,¡Þ,¡Þ,¡Þ,¡Þ,¡Þ,¡Þ,¡Þ,¡Þ,¡Þ,¡Þ,¡Þ,1574,¡Þ,¡Þ,¡Þ,¡Þ,¡Þ,¡Þ,¡Þ,¡Þ,¡Þ,¡Þ,¡Þ,¡Þ,¡Þ,¡Þ,¡Þ,¡Þ,¡Þ,¡Þ,¡Þ,¡Þ,¡Þ,¡Þ,¡Þ,¡Þ,¡Þ,¡Þ,¡Þ,¡Þ,¡Þ,¡Þ,¡Þ,¡Þ,¡Þ,¡Þ,¡Þ,¡Þ,¡Þ,¡Þ,¡Þ,¡Þ,¡Þ,¡Þ,¡Þ,¡Þ,¡Þ,¡Þ,¡Þ,¡Þ,¡Þ,¡Þ,¡Þ,¡Þ,¡Þ,¡Þ,¡Þ,¡Þ,¡Þ,¡Þ,¡Þ,¡Þ,¡Þ,¡Þ,¡Þ,¡Þ,¡Þ,2091,¡Þ,¡Þ,¡Þ,¡Þ,¡Þ,¡Þ,¡Þ,¡Þ,¡Þ,¡Þ,¡Þ,¡Þ,¡Þ,¡Þ,¡Þ,¡Þ,¡Þ,¡Þ,¡Þ,¡Þ,¡Þ,¡Þ,¡Þ,¡Þ,¡Þ,¡Þ,¡Þ,¡Þ,¡Þ,¡Þ,¡Þ,¡Þ,¡Þ,¡Þ,¡Þ,¡Þ,
¡Þ,¡Þ,¡Þ,¡Þ,¡Þ,¡Þ,¡Þ,¡Þ,¡Þ,¡Þ,¡Þ,¡Þ,¡Þ,¡Þ,¡Þ,¡Þ,¡Þ,¡Þ,¡Þ,¡Þ,¡Þ,¡Þ,¡Þ,¡Þ,¡Þ,¡Þ,¡Þ,¡Þ,¡Þ,¡Þ,¡Þ,¡Þ,¡Þ,¡Þ,¡Þ,¡Þ,¡Þ,¡Þ,¡Þ,¡Þ,¡Þ,¡Þ,¡Þ,¡Þ,¡Þ,¡Þ,¡Þ,¡Þ,¡Þ,¡Þ,¡Þ,¡Þ,¡Þ,¡Þ,¡Þ,¡Þ,¡Þ,¡Þ,¡Þ,¡Þ,¡Þ,¡Þ,¡Þ,¡Þ,¡Þ,¡Þ,¡Þ,¡Þ,¡Þ,¡Þ,¡Þ,¡Þ,¡Þ,¡Þ,¡Þ,¡Þ,¡Þ,¡Þ,¡Þ,¡Þ,¡Þ,¡Þ,¡Þ,¡Þ,¡Þ,¡Þ,¡Þ,¡Þ,¡Þ,¡Þ,¡Þ,¡Þ,¡Þ,¡Þ,¡Þ,¡Þ,¡Þ,¡Þ,¡Þ,¡Þ,¡Þ,¡Þ,¡Þ,¡Þ,¡Þ,¡Þ,¡Þ,¡Þ,¡Þ,¡Þ,¡Þ,¡Þ,¡Þ,¡Þ,¡Þ,¡Þ,¡Þ,¡Þ,¡Þ,¡Þ,¡Þ,¡Þ,893,¡Þ,¡Þ,¡Þ,¡Þ,¡Þ,¡Þ,¡Þ,¡Þ,¡Þ,¡Þ,¡Þ,¡Þ,¡Þ,¡Þ,¡Þ,¡Þ,¡Þ,¡Þ,¡Þ,¡Þ,¡Þ,¡Þ,¡Þ,¡Þ,¡Þ,¡Þ,¡Þ,¡Þ,¡Þ,¡Þ,¡Þ,¡Þ,¡Þ,¡Þ,¡Þ,¡Þ,¡Þ,¡Þ,¡Þ,¡Þ,¡Þ,¡Þ,¡Þ,¡Þ,
¡Þ,¡Þ,¡Þ,¡Þ,¡Þ,¡Þ,¡Þ,¡Þ,¡Þ,¡Þ,¡Þ,¡Þ,¡Þ,¡Þ,¡Þ,¡Þ,¡Þ,¡Þ,¡Þ,¡Þ,¡Þ,¡Þ,¡Þ,¡Þ,¡Þ,¡Þ,¡Þ,¡Þ,¡Þ,¡Þ,¡Þ,¡Þ,¡Þ,¡Þ,¡Þ,¡Þ,¡Þ,¡Þ,¡Þ,¡Þ,¡Þ,¡Þ,¡Þ,¡Þ,¡Þ,¡Þ,¡Þ,¡Þ,¡Þ,¡Þ,¡Þ,¡Þ,¡Þ,¡Þ,¡Þ,¡Þ,¡Þ,¡Þ,¡Þ,¡Þ,¡Þ,¡Þ,¡Þ,¡Þ,¡Þ,¡Þ,¡Þ,¡Þ,¡Þ,¡Þ,¡Þ,¡Þ,¡Þ,¡Þ,¡Þ,¡Þ,¡Þ,¡Þ,¡Þ,¡Þ,¡Þ,¡Þ,¡Þ,¡Þ,¡Þ,¡Þ,¡Þ,¡Þ,¡Þ,¡Þ,¡Þ,¡Þ,¡Þ,¡Þ,¡Þ,¡Þ,¡Þ,869,¡Þ,¡Þ,¡Þ,¡Þ,¡Þ,¡Þ,¡Þ,¡Þ,¡Þ,¡Þ,¡Þ,¡Þ,¡Þ,¡Þ,¡Þ,¡Þ,¡Þ,¡Þ,¡Þ,¡Þ,¡Þ,¡Þ,¡Þ,¡Þ,¡Þ,¡Þ,¡Þ,¡Þ,¡Þ,¡Þ,¡Þ,¡Þ,¡Þ,¡Þ,¡Þ,¡Þ,¡Þ,¡Þ,¡Þ,¡Þ,¡Þ,¡Þ,¡Þ,¡Þ,¡Þ,¡Þ,¡Þ,¡Þ,¡Þ,¡Þ,¡Þ,¡Þ,¡Þ,¡Þ,¡Þ,¡Þ,¡Þ,¡Þ,¡Þ,¡Þ,¡Þ,¡Þ,¡Þ,¡Þ,¡Þ,¡Þ,¡Þ,¡Þ,2265,
¡Þ,¡Þ,¡Þ,¡Þ,¡Þ,¡Þ,¡Þ,¡Þ,¡Þ,¡Þ,¡Þ,¡Þ,¡Þ,¡Þ,¡Þ,¡Þ,¡Þ,¡Þ,¡Þ,¡Þ,¡Þ,¡Þ,¡Þ,¡Þ,¡Þ,¡Þ,¡Þ,¡Þ,¡Þ,¡Þ,¡Þ,¡Þ,¡Þ,¡Þ,¡Þ,¡Þ,¡Þ,¡Þ,¡Þ,¡Þ,¡Þ,¡Þ,¡Þ,1719,1498,¡Þ,¡Þ,¡Þ,¡Þ,¡Þ,¡Þ,¡Þ,¡Þ,¡Þ,¡Þ,¡Þ,¡Þ,¡Þ,¡Þ,¡Þ,¡Þ,¡Þ,¡Þ,¡Þ,¡Þ,¡Þ,¡Þ,¡Þ,¡Þ,¡Þ,¡Þ,¡Þ,¡Þ,¡Þ,¡Þ,¡Þ,¡Þ,¡Þ,¡Þ,¡Þ,¡Þ,¡Þ,¡Þ,¡Þ,¡Þ,¡Þ,¡Þ,¡Þ,¡Þ,¡Þ,¡Þ,¡Þ,¡Þ,¡Þ,¡Þ,¡Þ,¡Þ,¡Þ,¡Þ,¡Þ,¡Þ,¡Þ,¡Þ,¡Þ,¡Þ,¡Þ,¡Þ,¡Þ,¡Þ,¡Þ,¡Þ,¡Þ,¡Þ,¡Þ,¡Þ,¡Þ,¡Þ,¡Þ,¡Þ,¡Þ,¡Þ,¡Þ,¡Þ,¡Þ,¡Þ,¡Þ,¡Þ,¡Þ,¡Þ,¡Þ,¡Þ,¡Þ,¡Þ,¡Þ,¡Þ,¡Þ,¡Þ,¡Þ,¡Þ,¡Þ,¡Þ,¡Þ,¡Þ,¡Þ,¡Þ,¡Þ,¡Þ,¡Þ,¡Þ,¡Þ,¡Þ,¡Þ,¡Þ,¡Þ,¡Þ,¡Þ,¡Þ,¡Þ,¡Þ,¡Þ,¡Þ,¡Þ,¡Þ,¡Þ,¡Þ,¡Þ,¡Þ,
¡Þ,¡Þ,¡Þ,¡Þ,¡Þ,¡Þ,¡Þ,¡Þ,¡Þ,¡Þ,¡Þ,¡Þ,¡Þ,¡Þ,¡Þ,¡Þ,¡Þ,¡Þ,¡Þ,¡Þ,¡Þ,¡Þ,¡Þ,¡Þ,¡Þ,¡Þ,¡Þ,¡Þ,¡Þ,¡Þ,¡Þ,¡Þ,¡Þ,¡Þ,¡Þ,¡Þ,¡Þ,¡Þ,¡Þ,¡Þ,¡Þ,¡Þ,¡Þ,¡Þ,¡Þ,772,672,¡Þ,¡Þ,¡Þ,¡Þ,¡Þ,¡Þ,¡Þ,¡Þ,¡Þ,¡Þ,¡Þ,¡Þ,¡Þ,¡Þ,¡Þ,¡Þ,¡Þ,¡Þ,¡Þ,¡Þ,¡Þ,¡Þ,¡Þ,¡Þ,¡Þ,¡Þ,¡Þ,¡Þ,¡Þ,¡Þ,¡Þ,¡Þ,¡Þ,¡Þ,¡Þ,¡Þ,¡Þ,¡Þ,¡Þ,¡Þ,¡Þ,¡Þ,¡Þ,¡Þ,¡Þ,¡Þ,¡Þ,¡Þ,¡Þ,¡Þ,¡Þ,¡Þ,¡Þ,¡Þ,¡Þ,¡Þ,¡Þ,¡Þ,¡Þ,¡Þ,¡Þ,¡Þ,¡Þ,¡Þ,¡Þ,¡Þ,¡Þ,¡Þ,¡Þ,¡Þ,¡Þ,¡Þ,¡Þ,¡Þ,¡Þ,¡Þ,¡Þ,¡Þ,¡Þ,¡Þ,¡Þ,¡Þ,¡Þ,¡Þ,¡Þ,¡Þ,¡Þ,¡Þ,¡Þ,¡Þ,¡Þ,¡Þ,¡Þ,¡Þ,¡Þ,¡Þ,¡Þ,¡Þ,¡Þ,¡Þ,¡Þ,¡Þ,¡Þ,¡Þ,¡Þ,¡Þ,¡Þ,¡Þ,¡Þ,¡Þ,¡Þ,¡Þ,¡Þ,¡Þ,¡Þ,¡Þ,¡Þ,¡Þ,¡Þ,¡Þ,
¡Þ,¡Þ,¡Þ,¡Þ,¡Þ,¡Þ,¡Þ,¡Þ,¡Þ,¡Þ,¡Þ,¡Þ,¡Þ,¡Þ,¡Þ,¡Þ,¡Þ,¡Þ,¡Þ,¡Þ,¡Þ,¡Þ,¡Þ,¡Þ,¡Þ,¡Þ,¡Þ,¡Þ,¡Þ,¡Þ,¡Þ,¡Þ,¡Þ,¡Þ,¡Þ,¡Þ,¡Þ,¡Þ,¡Þ,¡Þ,¡Þ,¡Þ,¡Þ,¡Þ,¡Þ,¡Þ,¡Þ,¡Þ,¡Þ,¡Þ,¡Þ,¡Þ,¡Þ,¡Þ,¡Þ,¡Þ,¡Þ,¡Þ,¡Þ,¡Þ,¡Þ,¡Þ,¡Þ,¡Þ,¡Þ,¡Þ,¡Þ,¡Þ,¡Þ,¡Þ,¡Þ,¡Þ,¡Þ,¡Þ,¡Þ,¡Þ,¡Þ,¡Þ,¡Þ,¡Þ,¡Þ,¡Þ,¡Þ,¡Þ,¡Þ,¡Þ,¡Þ,¡Þ,¡Þ,¡Þ,¡Þ,¡Þ,¡Þ,¡Þ,¡Þ,¡Þ,¡Þ,¡Þ,¡Þ,¡Þ,¡Þ,¡Þ,¡Þ,¡Þ,¡Þ,¡Þ,¡Þ,¡Þ,¡Þ,¡Þ,¡Þ,¡Þ,¡Þ,¡Þ,¡Þ,¡Þ,¡Þ,¡Þ,¡Þ,2477,¡Þ,¡Þ,¡Þ,¡Þ,¡Þ,¡Þ,¡Þ,¡Þ,¡Þ,¡Þ,¡Þ,¡Þ,1504,¡Þ,¡Þ,¡Þ,¡Þ,¡Þ,¡Þ,¡Þ,¡Þ,¡Þ,¡Þ,¡Þ,¡Þ,¡Þ,¡Þ,¡Þ,¡Þ,¡Þ,¡Þ,¡Þ,¡Þ,¡Þ,¡Þ,¡Þ,¡Þ,¡Þ,¡Þ,¡Þ,¡Þ,¡Þ,¡Þ,¡Þ,¡Þ,¡Þ,¡Þ,
¡Þ,¡Þ,¡Þ,¡Þ,¡Þ,¡Þ,¡Þ,¡Þ,¡Þ,¡Þ,¡Þ,¡Þ,¡Þ,1060,¡Þ,¡Þ,¡Þ,¡Þ,¡Þ,¡Þ,¡Þ,¡Þ,¡Þ,¡Þ,¡Þ,¡Þ,¡Þ,¡Þ,¡Þ,¡Þ,¡Þ,¡Þ,¡Þ,¡Þ,¡Þ,¡Þ,¡Þ,¡Þ,¡Þ,¡Þ,¡Þ,¡Þ,¡Þ,¡Þ,¡Þ,¡Þ,¡Þ,¡Þ,¡Þ,¡Þ,¡Þ,¡Þ,¡Þ,¡Þ,¡Þ,¡Þ,¡Þ,¡Þ,¡Þ,¡Þ,¡Þ,¡Þ,¡Þ,¡Þ,¡Þ,¡Þ,¡Þ,¡Þ,¡Þ,¡Þ,¡Þ,¡Þ,¡Þ,¡Þ,¡Þ,¡Þ,¡Þ,¡Þ,¡Þ,¡Þ,¡Þ,¡Þ,¡Þ,¡Þ,¡Þ,¡Þ,¡Þ,¡Þ,¡Þ,¡Þ,¡Þ,¡Þ,¡Þ,¡Þ,¡Þ,¡Þ,¡Þ,¡Þ,¡Þ,¡Þ,¡Þ,¡Þ,¡Þ,¡Þ,¡Þ,¡Þ,¡Þ,¡Þ,¡Þ,¡Þ,¡Þ,¡Þ,¡Þ,¡Þ,¡Þ,¡Þ,¡Þ,¡Þ,¡Þ,¡Þ,¡Þ,¡Þ,¡Þ,¡Þ,¡Þ,¡Þ,¡Þ,¡Þ,¡Þ,¡Þ,¡Þ,¡Þ,¡Þ,¡Þ,¡Þ,¡Þ,¡Þ,¡Þ,¡Þ,¡Þ,¡Þ,¡Þ,¡Þ,¡Þ,¡Þ,¡Þ,869,¡Þ,¡Þ,¡Þ,¡Þ,¡Þ,¡Þ,¡Þ,¡Þ,¡Þ,¡Þ,¡Þ,¡Þ,¡Þ,¡Þ,¡Þ,¡Þ,¡Þ,¡Þ,¡Þ,¡Þ,
¡Þ,¡Þ,¡Þ,¡Þ,¡Þ,¡Þ,¡Þ,¡Þ,¡Þ,¡Þ,¡Þ,¡Þ,¡Þ,¡Þ,¡Þ,¡Þ,1088,¡Þ,¡Þ,¡Þ,¡Þ,¡Þ,¡Þ,¡Þ,¡Þ,¡Þ,¡Þ,¡Þ,¡Þ,¡Þ,¡Þ,¡Þ,¡Þ,¡Þ,¡Þ,¡Þ,¡Þ,¡Þ,¡Þ,¡Þ,¡Þ,¡Þ,¡Þ,¡Þ,¡Þ,¡Þ,¡Þ,¡Þ,¡Þ,¡Þ,¡Þ,¡Þ,¡Þ,¡Þ,¡Þ,¡Þ,¡Þ,¡Þ,¡Þ,¡Þ,¡Þ,¡Þ,¡Þ,¡Þ,¡Þ,¡Þ,¡Þ,¡Þ,¡Þ,¡Þ,¡Þ,¡Þ,¡Þ,¡Þ,¡Þ,¡Þ,¡Þ,¡Þ,¡Þ,¡Þ,¡Þ,¡Þ,¡Þ,¡Þ,¡Þ,1579,¡Þ,¡Þ,¡Þ,¡Þ,¡Þ,¡Þ,¡Þ,¡Þ,¡Þ,¡Þ,¡Þ,¡Þ,¡Þ,¡Þ,¡Þ,¡Þ,¡Þ,¡Þ,¡Þ,¡Þ,¡Þ,¡Þ,¡Þ,¡Þ,¡Þ,¡Þ,¡Þ,¡Þ,¡Þ,¡Þ,¡Þ,¡Þ,¡Þ,¡Þ,¡Þ,¡Þ,¡Þ,¡Þ,¡Þ,¡Þ,¡Þ,¡Þ,¡Þ,¡Þ,¡Þ,¡Þ,¡Þ,¡Þ,¡Þ,¡Þ,¡Þ,¡Þ,¡Þ,¡Þ,¡Þ,¡Þ,¡Þ,¡Þ,¡Þ,¡Þ,¡Þ,¡Þ,¡Þ,¡Þ,¡Þ,¡Þ,¡Þ,¡Þ,¡Þ,¡Þ,¡Þ,¡Þ,¡Þ,¡Þ,¡Þ,¡Þ,¡Þ,¡Þ,¡Þ,¡Þ,¡Þ,
¡Þ,¡Þ,¡Þ,¡Þ,¡Þ,¡Þ,¡Þ,¡Þ,¡Þ,¡Þ,¡Þ,¡Þ,¡Þ,¡Þ,¡Þ,¡Þ,¡Þ,1210,¡Þ,¡Þ,¡Þ,¡Þ,¡Þ,¡Þ,¡Þ,¡Þ,¡Þ,¡Þ,¡Þ,¡Þ,¡Þ,¡Þ,¡Þ,¡Þ,¡Þ,¡Þ,¡Þ,¡Þ,¡Þ,¡Þ,¡Þ,¡Þ,¡Þ,¡Þ,¡Þ,¡Þ,¡Þ,¡Þ,¡Þ,¡Þ,¡Þ,¡Þ,¡Þ,¡Þ,¡Þ,¡Þ,¡Þ,¡Þ,¡Þ,¡Þ,¡Þ,¡Þ,¡Þ,¡Þ,¡Þ,¡Þ,¡Þ,¡Þ,¡Þ,¡Þ,¡Þ,¡Þ,¡Þ,¡Þ,¡Þ,¡Þ,¡Þ,¡Þ,¡Þ,¡Þ,¡Þ,¡Þ,¡Þ,¡Þ,¡Þ,¡Þ,¡Þ,¡Þ,¡Þ,¡Þ,¡Þ,¡Þ,¡Þ,¡Þ,¡Þ,¡Þ,¡Þ,¡Þ,¡Þ,¡Þ,¡Þ,¡Þ,1779,¡Þ,¡Þ,¡Þ,¡Þ,¡Þ,¡Þ,¡Þ,¡Þ,¡Þ,¡Þ,¡Þ,¡Þ,¡Þ,¡Þ,¡Þ,¡Þ,¡Þ,¡Þ,¡Þ,¡Þ,¡Þ,¡Þ,¡Þ,¡Þ,¡Þ,¡Þ,¡Þ,¡Þ,¡Þ,¡Þ,¡Þ,¡Þ,¡Þ,¡Þ,¡Þ,¡Þ,¡Þ,¡Þ,¡Þ,¡Þ,¡Þ,¡Þ,¡Þ,¡Þ,¡Þ,¡Þ,¡Þ,¡Þ,¡Þ,¡Þ,¡Þ,¡Þ,¡Þ,¡Þ,¡Þ,¡Þ,¡Þ,¡Þ,¡Þ,¡Þ,¡Þ,¡Þ,¡Þ,¡Þ,
¡Þ,¡Þ,¡Þ,¡Þ,¡Þ,¡Þ,¡Þ,¡Þ,¡Þ,¡Þ,¡Þ,¡Þ,¡Þ,¡Þ,¡Þ,¡Þ,¡Þ,¡Þ,¡Þ,¡Þ,¡Þ,¡Þ,¡Þ,¡Þ,¡Þ,¡Þ,¡Þ,¡Þ,¡Þ,¡Þ,¡Þ,¡Þ,¡Þ,¡Þ,¡Þ,¡Þ,¡Þ,¡Þ,¡Þ,¡Þ,¡Þ,¡Þ,¡Þ,¡Þ,¡Þ,¡Þ,¡Þ,¡Þ,¡Þ,¡Þ,¡Þ,¡Þ,¡Þ,¡Þ,¡Þ,¡Þ,¡Þ,¡Þ,¡Þ,¡Þ,¡Þ,¡Þ,¡Þ,¡Þ,¡Þ,¡Þ,¡Þ,¡Þ,¡Þ,¡Þ,¡Þ,¡Þ,¡Þ,¡Þ,¡Þ,¡Þ,¡Þ,¡Þ,¡Þ,¡Þ,¡Þ,¡Þ,¡Þ,¡Þ,¡Þ,¡Þ,¡Þ,¡Þ,¡Þ,¡Þ,¡Þ,¡Þ,¡Þ,¡Þ,¡Þ,¡Þ,¡Þ,¡Þ,¡Þ,¡Þ,¡Þ,¡Þ,¡Þ,¡Þ,¡Þ,¡Þ,¡Þ,¡Þ,¡Þ,¡Þ,857,¡Þ,¡Þ,¡Þ,¡Þ,¡Þ,¡Þ,¡Þ,¡Þ,¡Þ,¡Þ,¡Þ,¡Þ,¡Þ,¡Þ,¡Þ,¡Þ,¡Þ,¡Þ,¡Þ,¡Þ,¡Þ,¡Þ,¡Þ,¡Þ,¡Þ,¡Þ,¡Þ,¡Þ,¡Þ,¡Þ,¡Þ,¡Þ,¡Þ,¡Þ,¡Þ,¡Þ,¡Þ,¡Þ,¡Þ,¡Þ,¡Þ,¡Þ,¡Þ,¡Þ,¡Þ,¡Þ,¡Þ,¡Þ,2265,¡Þ,¡Þ,¡Þ,¡Þ,¡Þ,¡Þ,¡Þ,
